Population,State FIPS,month,solar_avg_rad,NCDC Code,solar_net_gen_all,solar_net_gen_elc,elc_price_all,elc_price_com,elc_price_ind,elc_price_oth,elc_price_res,elc_price_trn,CDD,HDD,wind_net_gen_all,wind_net_gen_elc,Avg_Wind_Speed,Total_Area,Land_Area,Water_Area,Water_Inland_Area,Water_Coastal_Area,Water_Great_Lakes_Area,Water_Territorial_Area
4860545,1,1,0.00387,1,0.0,0.0,89.4,107.9,53.6,,110.0,,4.0,713.0,0.0,0.0,4.232283496305446,135767000000.0,131171000000.0,4597000000.0,2740000000.0,1340000000.0,0.0,516000000.0
4860545,1,2,0.0043100000000000005,1,0.0,0.0,90.1,108.8,52.8,,114.5,,6.0,454.0,0.0,0.0,4.527189915297934,135767000000.0,131171000000.0,4597000000.0,2740000000.0,1340000000.0,0.0,516000000.0
4860545,1,3,0.00477,1,0.0,0.0,91.0,108.4,55.5,,120.7,,50.0,238.0,0.0,0.0,4.669977521694033,135767000000.0,131171000000.0,4597000000.0,2740000000.0,1340000000.0,0.0,516000000.0
4860545,1,4,0.005059999999999999,1,0.0,0.0,92.6,110.5,58.7,,123.7,,52.0,108.0,0.0,0.0,3.7313615772408952,135767000000.0,131171000000.0,4597000000.0,2740000000.0,1340000000.0,0.0,516000000.0
4860545,1,5,0.0049900000000000005,1,0.0,0.0,93.2,110.2,60.0,,120.5,,174.0,27.0,0.0,0.0,3.745946044184997,135767000000.0,131171000000.0,4597000000.0,2740000000.0,1340000000.0,0.0,516000000.0
4860545,1,6,0.00481,1,0.0,0.0,98.4,111.7,64.4,,121.1,,420.0,0.0,0.0,0.0,2.896850113021715,135767000000.0,131171000000.0,4597000000.0,2740000000.0,1340000000.0,0.0,516000000.0
4860545,1,7,0.004520000000000001,1,0.0,0.0,100.4,111.2,65.5,,120.3,,518.0,0.0,0.0,0.0,3.0044910161954954,135767000000.0,131171000000.0,4597000000.0,2740000000.0,1340000000.0,0.0,516000000.0
4860545,1,8,0.0046,1,0.0,0.0,99.8,110.4,63.9,,121.7,,505.0,0.0,0.0,0.0,2.6587085469522918,135767000000.0,131171000000.0,4597000000.0,2740000000.0,1340000000.0,0.0,516000000.0
4860545,1,9,0.00418,1,0.0,0.0,99.6,110.5,63.4,,122.2,,395.0,0.0,0.0,0.0,2.546395098824892,135767000000.0,131171000000.0,4597000000.0,2740000000.0,1340000000.0,0.0,516000000.0
4860545,1,10,0.00436,1,11000.0,11000.0,98.1,114.9,63.1,,125.1,,150.0,52.0,0.0,0.0,3.4876010333755776,135767000000.0,131171000000.0,4597000000.0,2740000000.0,1340000000.0,0.0,516000000.0
4860545,1,11,0.004220000000000001,1,13000.0,13000.0,93.9,113.4,59.5,,122.4,,22.0,253.0,0.0,0.0,3.591199982366124,135767000000.0,131171000000.0,4597000000.0,2740000000.0,1340000000.0,0.0,516000000.0
4860545,1,12,0.00355,1,7000.0,7000.0,97.3,115.8,63.8,,119.6,,9.0,504.0,0.0,0.0,3.948606123277143,135767000000.0,131171000000.0,4597000000.0,2740000000.0,1340000000.0,0.0,516000000.0
6908642,4,1,0.006529999999999999,2,214000.0,213000.0,92.0,95.1,53.8,,108.4,89.3,0.0,507.0,42000.0,42000.0,3.6981421457778807,295234000000.0,294207000000.0,1026000000.0,1026000000.0,0.0,0.0,0.0
6908642,4,2,0.006659999999999999,2,265000.0,263000.0,93.6,97.9,53.3,,113.9,88.2,31.0,226.0,38000.0,38000.0,3.775304180229455,295234000000.0,294207000000.0,1026000000.0,1026000000.0,0.0,0.0,0.0
6908642,4,3,0.007759999999999999,2,312000.0,310000.0,93.8,96.8,53.9,,116.8,89.1,73.0,164.0,56000.0,56000.0,3.345552373242344,295234000000.0,294207000000.0,1026000000.0,1026000000.0,0.0,0.0,0.0
6908642,4,4,0.00847,2,336000.0,334000.0,98.4,100.1,56.3,,122.8,86.9,118.0,101.0,50000.0,50000.0,3.4657584511569266,295234000000.0,294207000000.0,1026000000.0,1026000000.0,0.0,0.0,0.0
6908642,4,5,0.00926,2,410000.0,407000.0,107.4,110.0,61.1,,128.7,102.1,236.0,35.0,55000.0,55000.0,3.3495805296468486,295234000000.0,294207000000.0,1026000000.0,1026000000.0,0.0,0.0,0.0
6908642,4,6,0.00974,2,396000.0,394000.0,110.3,111.3,63.9,,124.8,105.8,647.0,0.0,46000.0,46000.0,3.0181531977121874,295234000000.0,294207000000.0,1026000000.0,1026000000.0,0.0,0.0,0.0
6908642,4,7,0.0076,2,411000.0,408000.0,112.5,111.7,67.0,,126.4,110.9,743.0,0.0,46000.0,46000.0,3.1618115399107616,295234000000.0,294207000000.0,1026000000.0,1026000000.0,0.0,0.0,0.0
6908642,4,8,0.0070799999999999995,2,331000.0,329000.0,111.4,110.2,69.9,,125.0,117.5,599.0,0.0,21000.0,21000.0,2.2545306084756267,295234000000.0,294207000000.0,1026000000.0,1026000000.0,0.0,0.0,0.0
6908642,4,9,0.007759999999999999,2,306000.0,304000.0,110.4,109.5,67.9,,127.1,106.0,409.0,4.0,44000.0,44000.0,3.069006053313471,295234000000.0,294207000000.0,1026000000.0,1026000000.0,0.0,0.0,0.0
6908642,4,10,0.00758,2,302000.0,300000.0,103.5,105.5,63.9,,121.0,103.5,281.0,21.0,51000.0,51000.0,2.8748768115649708,295234000000.0,294207000000.0,1026000000.0,1026000000.0,0.0,0.0,0.0
6908642,4,11,0.00704,2,243000.0,242000.0,94.7,95.7,57.0,,116.0,95.7,43.0,188.0,44000.0,44000.0,4.013061992733617,295234000000.0,294207000000.0,1026000000.0,1026000000.0,0.0,0.0,0.0
6908642,4,12,0.00626,2,241000.0,240000.0,94.6,95.4,58.3,,112.3,88.5,0.0,408.0,49000.0,49000.0,3.8987989691014007,295234000000.0,294207000000.0,1026000000.0,1026000000.0,0.0,0.0,0.0
2988231,5,1,0.0035,3,1000.0,1000.0,76.3,79.2,57.3,,89.3,91.6,0.0,807.0,0.0,0.0,4.684653178432058,137732000000.0,134771000000.0,2961000000.0,2961000000.0,0.0,0.0,0.0
2988231,5,2,0.00372,3,2000.0,2000.0,77.0,80.7,56.3,,91.5,84.9,1.0,521.0,0.0,0.0,4.96745857557801,137732000000.0,134771000000.0,2961000000.0,2961000000.0,0.0,0.0,0.0
2988231,5,3,0.00417,3,2000.0,2000.0,77.6,80.60000000000002,56.8,,96.4,91.8,27.0,338.0,0.0,0.0,4.567155058689088,137732000000.0,134771000000.0,2961000000.0,2961000000.0,0.0,0.0,0.0
2988231,5,4,0.004900000000000001,3,2000.0,2000.0,76.5,80.9,54.2,,100.6,86.5,44.0,133.0,0.0,0.0,4.449304799660496,137732000000.0,134771000000.0,2961000000.0,2961000000.0,0.0,0.0,0.0
2988231,5,5,0.00462,3,2000.0,2000.0,78.9,83.0,57.7,,102.2,86.6,107.0,60.0,0.0,0.0,3.860213682284938,137732000000.0,134771000000.0,2961000000.0,2961000000.0,0.0,0.0,0.0
2988231,5,6,0.00525,3,2000.0,2000.0,85.2,85.7,65.5,,103.4,109.5,410.0,0.0,0.0,0.0,2.9000999853210385,137732000000.0,134771000000.0,2961000000.0,2961000000.0,0.0,0.0,0.0
2988231,5,7,0.00554,3,3000.0,3000.0,86.5,83.4,66.3,,103.0,94.0,520.0,0.0,0.0,0.0,3.232628264123997,137732000000.0,134771000000.0,2961000000.0,2961000000.0,0.0,0.0,0.0
2988231,5,8,0.00558,3,2000.0,2000.0,86.9,83.8,66.4,,104.1,123.6,454.0,1.0,0.0,0.0,2.7817482791842614,137732000000.0,134771000000.0,2961000000.0,2961000000.0,0.0,0.0,0.0
2988231,5,9,0.00481,3,3000.0,3000.0,86.3,84.3,65.6,,104.6,123.9,316.0,5.0,0.0,0.0,3.085458797841305,137732000000.0,134771000000.0,2961000000.0,2961000000.0,0.0,0.0,0.0
2988231,5,10,0.00436,3,3000.0,3000.0,80.8,81.89999999999998,60.9,,98.8,106.7,121.0,67.0,0.0,0.0,3.701760607708512,137732000000.0,134771000000.0,2961000000.0,2961000000.0,0.0,0.0,0.0
2988231,5,11,0.0036899999999999997,3,2000.0,2000.0,78.6,81.19999999999997,58.6,,101.1,116.4,11.0,305.0,0.0,0.0,4.1319621622006695,137732000000.0,134771000000.0,2961000000.0,2961000000.0,0.0,0.0,0.0
2988231,5,12,0.0034700000000000004,3,2000.0,2000.0,79.4,81.19999999999997,61.1,,94.8,134.2,0.0,723.0,0.0,0.0,4.54191709929162,137732000000.0,134771000000.0,2961000000.0,2961000000.0,0.0,0.0,0.0
39296476,6,1,0.00434,4,716000.0,710000.0,146.7,136.6,103.8,,177.7,88.5,0.0,507.0,691000.0,690000.0,3.2625618826084004,423967000000.0,403466000000.0,20501000000.0,7339000000.0,634000000.0,0.0,12528000000.0
39296476,6,2,0.00458,4,1195000.0,1186000.0,144.5,137.5,102.4,,176.8,95.0,10.0,270.0,528000.0,527000.0,3.323077536945015,423967000000.0,403466000000.0,20501000000.0,7339000000.0,634000000.0,0.0,12528000000.0
39296476,6,3,0.00611,4,1316000.0,1307000.0,142.6,137.8,102.4,,176.5,95.4,6.0,336.0,1305000.0,1304000.0,3.2162873241034844,423967000000.0,403466000000.0,20501000000.0,7339000000.0,634000000.0,0.0,12528000000.0
39296476,6,4,0.00676,4,1545000.0,1534000.0,126.0,137.0,104.9,,123.9,95.6,22.0,212.0,1325000.0,1324000.0,3.105846649438804,423967000000.0,403466000000.0,20501000000.0,7339000000.0,634000000.0,0.0,12528000000.0
39296476,6,5,0.00797,4,1924000.0,1911000.0,148.6,145.4,115.1,,177.1,90.0,33.0,59.0,1596000.0,1594000.0,3.0674085779060176,423967000000.0,403466000000.0,20501000000.0,7339000000.0,634000000.0,0.0,12528000000.0
39296476,6,6,0.00894,4,1851000.0,1838000.0,161.4,159.6,134.4,,180.9,99.1,201.0,4.0,1670000.0,1669000.0,3.2453155078649885,423967000000.0,403466000000.0,20501000000.0,7339000000.0,634000000.0,0.0,12528000000.0
39296476,6,7,0.00893,4,2167000.0,2152000.0,168.5,168.4,139.3,,184.7,100.0,282.0,1.0,1697000.0,1696000.0,3.299917575700524,423967000000.0,403466000000.0,20501000000.0,7339000000.0,634000000.0,0.0,12528000000.0
39296476,6,8,0.00848,4,2145000.0,2130000.0,170.7,169.2,139.3,,188.7,103.5,268.0,0.0,1472000.0,1470000.0,2.9089955987972598,423967000000.0,403466000000.0,20501000000.0,7339000000.0,634000000.0,0.0,12528000000.0
39296476,6,9,0.00782,4,1911000.0,1898000.0,166.0,167.2,136.5,,182.2,106.2,145.0,21.0,996000.0,996000.0,2.8091395700429644,423967000000.0,403466000000.0,20501000000.0,7339000000.0,634000000.0,0.0,12528000000.0
39296476,6,10,0.00647,4,1609000.0,1598000.0,141.2,157.8,106.5,,139.3,109.3,47.0,127.0,935000.0,934000.0,2.737445129398205,423967000000.0,403466000000.0,20501000000.0,7339000000.0,634000000.0,0.0,12528000000.0
39296476,6,11,0.005030000000000001,4,1389000.0,1380000.0,149.1,142.9,118.4,,179.3,90.2,10.0,267.0,528000.0,528000.0,2.684581166150478,423967000000.0,403466000000.0,20501000000.0,7339000000.0,634000000.0,0.0,12528000000.0
39296476,6,12,0.00425,4,1039000.0,1033000.0,148.0,138.2,108.9,,181.6,100.2,0.0,524.0,765000.0,764000.0,3.8187860235623257,423967000000.0,403466000000.0,20501000000.0,7339000000.0,634000000.0,0.0,12528000000.0
5530105,8,1,0.00474,5,19000.0,18000.0,90.7,85.4,68.6,,111.5,85.8,0.0,1190.0,782000.0,781000.0,3.3262102748066478,269601000000.0,268431000000.0,1170000000.0,1170000000.0,0.0,0.0,0.0
5530105,8,2,0.004940000000000001,5,27000.0,26000.0,92.2,88.7,69.4,,114.4,94.9,0.0,888.0,1001000.0,1001000.0,4.093270098853522,269601000000.0,268431000000.0,1170000000.0,1170000000.0,0.0,0.0,0.0
5530105,8,3,0.00583,5,33000.0,32000.0,91.9,89.4,69.1,,114.0,90.4,0.0,842.0,941000.0,940000.0,3.843599388264292,269601000000.0,268431000000.0,1170000000.0,1170000000.0,0.0,0.0,0.0
5530105,8,4,0.0064800000000000005,5,33000.0,32000.0,95.0,94.1,71.1,,118.2,95.3,0.0,639.0,864000.0,864000.0,3.8670855506494815,269601000000.0,268431000000.0,1170000000.0,1170000000.0,0.0,0.0,0.0
5530105,8,5,0.0071400000000000005,5,41000.0,40000.0,94.9,94.9,70.6,,116.9,95.5,0.0,50.0,738000.0,737000.0,3.2500362781206413,269601000000.0,268431000000.0,1170000000.0,1170000000.0,0.0,0.0,0.0
5530105,8,6,0.00821,5,43000.0,42000.0,103.6,101.7,76.5,,125.9,99.2,109.0,0.0,556000.0,556000.0,2.435878914478108,269601000000.0,268431000000.0,1170000000.0,1170000000.0,0.0,0.0,0.0
5530105,8,7,0.007659999999999999,5,45000.0,44000.0,103.5,99.4,77.0,,124.6,97.8,158.0,2.0,633000.0,633000.0,2.734337501977173,269601000000.0,268431000000.0,1170000000.0,1170000000.0,0.0,0.0,0.0
5530105,8,8,0.0068200000000000005,5,36000.0,35000.0,104.2,101.2,76.2,,128.3,101.9,63.0,7.0,584000.0,584000.0,2.429820874196946,269601000000.0,268431000000.0,1170000000.0,1170000000.0,0.0,0.0,0.0
5530105,8,9,0.007019999999999999,5,78000.0,76000.0,104.9,103.3,78.2,,128.4,109.6,27.0,70.0,732000.0,732000.0,3.3092091236612036,269601000000.0,268431000000.0,1170000000.0,1170000000.0,0.0,0.0,0.0
5530105,8,10,0.006229999999999999,5,76000.0,74000.0,98.5,99.2,74.0,,121.0,104.1,1.0,399.0,789000.0,788000.0,3.188321108397112,269601000000.0,268431000000.0,1170000000.0,1170000000.0,0.0,0.0,0.0
5530105,8,11,0.00535,5,56000.0,54000.0,98.8,98.1,74.5,,122.7,101.5,0.0,724.0,929000.0,928000.0,3.26654243944728,269601000000.0,268431000000.0,1170000000.0,1170000000.0,0.0,0.0,0.0
5530105,8,12,0.00456,5,52000.0,50000.0,97.7,93.6,75.0,,118.8,101.7,0.0,244.0,874000.0,873000.0,3.918695525281913,269601000000.0,268431000000.0,1170000000.0,1170000000.0,0.0,0.0,0.0
20656589,12,1,0.00483,8,9000.0,9000.0,101.6,92.8,76.8,,112.1,88.6,74.0,228.0,0.0,0.0,3.8793255952292616,170312000000.0,138887000000.0,31424000000.0,13019000000.0,3495000000.0,0.0,14911000000.0
20656589,12,2,0.0051,8,16000.0,15000.0,101.2,94.1,76.1,,110.4,89.5,71.0,164.0,0.0,0.0,4.37549663550858,170312000000.0,138887000000.0,31424000000.0,13019000000.0,3495000000.0,0.0,14911000000.0
20656589,12,3,0.00554,8,18000.0,18000.0,98.9,90.1,76.4,,110.0,83.3,218.0,34.0,0.0,0.0,3.578766607166732,170312000000.0,138887000000.0,31424000000.0,13019000000.0,3495000000.0,0.0,14911000000.0
20656589,12,4,0.00591,8,28000.0,27000.0,97.0,88.2,74.1,,108.7,81.5,234.0,6.0,0.0,0.0,3.767945329121095,170312000000.0,138887000000.0,31424000000.0,13019000000.0,3495000000.0,0.0,14911000000.0
20656589,12,5,0.00562,8,33000.0,33000.0,96.0,87.2,73.6,,106.7,81.30000000000003,373.0,0.0,0.0,0.0,2.9287891592278945,170312000000.0,138887000000.0,31424000000.0,13019000000.0,3495000000.0,0.0,14911000000.0
20656589,12,6,0.00455,8,24000.0,24000.0,98.1,87.2,76.7,,108.7,79.1,516.0,0.0,0.0,0.0,2.8637839833955514,170312000000.0,138887000000.0,31424000000.0,13019000000.0,3495000000.0,0.0,14911000000.0
20656589,12,7,0.00441,8,19000.0,19000.0,99.0,86.6,78.4,,109.4,80.2,597.0,0.0,0.0,0.0,2.3141270184524454,170312000000.0,138887000000.0,31424000000.0,13019000000.0,3495000000.0,0.0,14911000000.0
20656589,12,8,0.00436,8,20000.0,20000.0,99.9,87.7,78.6,,110.7,79.9,565.0,0.0,0.0,0.0,3.3995239343914605,170312000000.0,138887000000.0,31424000000.0,13019000000.0,3495000000.0,0.0,14911000000.0
20656589,12,9,0.004030000000000001,8,18000.0,17000.0,100.4,88.5,79.1,,111.4,85.1,500.0,0.0,0.0,0.0,2.7594183840200506,170312000000.0,138887000000.0,31424000000.0,13019000000.0,3495000000.0,0.0,14911000000.0
20656589,12,10,0.00454,8,13000.0,13000.0,99.3,89.4,78.2,,109.8,85.4,347.0,2.0,0.0,0.0,4.5826915606034655,170312000000.0,138887000000.0,31424000000.0,13019000000.0,3495000000.0,0.0,14911000000.0
20656589,12,11,0.00471,8,15000.0,15000.0,99.2,90.3,77.5,,110.8,85.0,62.0,52.0,0.0,0.0,3.5664014255866032,170312000000.0,138887000000.0,31424000000.0,13019000000.0,3495000000.0,0.0,14911000000.0
20656589,12,12,0.00424,8,11000.0,11000.0,97.9,88.7,77.0,,109.2,81.7,96.0,73.0,0.0,0.0,4.01986627601786,170312000000.0,138887000000.0,31424000000.0,13019000000.0,3495000000.0,0.0,14911000000.0
10313620,13,1,0.00419,9,25000.0,25000.0,91.3,97.5,56.2,,104.6,46.1,4.0,729.0,0.0,0.0,3.2712214243747137,153910000000.0,148959000000.0,4951000000.0,3657000000.0,119000000.0,0.0,1175000000.0
10313620,13,2,0.00463,9,34000.0,34000.0,90.1,96.2,52.4,,105.8,42.8,3.0,502.0,0.0,0.0,3.8303100393234177,153910000000.0,148959000000.0,4951000000.0,3657000000.0,119000000.0,0.0,1175000000.0
10313620,13,3,0.0049700000000000005,9,43000.0,43000.0,89.6,94.6,51.5,,112.0,42.6,45.0,247.0,0.0,0.0,3.0978463317352847,153910000000.0,148959000000.0,4951000000.0,3657000000.0,119000000.0,0.0,1175000000.0
10313620,13,4,0.0052899999999999996,9,48000.0,48000.0,90.0,96.4,53.6,,112.2,45.4,37.0,130.0,0.0,0.0,3.0182811795910065,153910000000.0,148959000000.0,4951000000.0,3657000000.0,119000000.0,0.0,1175000000.0
10313620,13,5,0.00532,9,59000.0,59000.0,93.0,97.8,54.5,,115.7,46.2,155.0,34.0,0.0,0.0,2.959245718575028,153910000000.0,148959000000.0,4951000000.0,3657000000.0,119000000.0,0.0,1175000000.0
10313620,13,6,0.004849999999999999,9,57000.0,57000.0,102.2,100.8,63.6,,123.0,56.8,398.0,0.0,0.0,0.0,2.4296846273064885,153910000000.0,148959000000.0,4951000000.0,3657000000.0,119000000.0,0.0,1175000000.0
10313620,13,7,0.00464,9,66000.0,65000.0,105.5,101.5,68.6,,123.5,63.0,509.0,0.0,0.0,0.0,2.5745846320389716,153910000000.0,148959000000.0,4951000000.0,3657000000.0,119000000.0,0.0,1175000000.0
10313620,13,8,0.00446,9,82000.0,82000.0,103.6,98.5,62.4,,125.8,62.3,476.0,0.0,0.0,0.0,2.6073530224520898,153910000000.0,148959000000.0,4951000000.0,3657000000.0,119000000.0,0.0,1175000000.0
10313620,13,9,0.0041600000000000005,9,97000.0,97000.0,100.5,98.2,63.6,,119.9,58.2,340.0,0.0,0.0,0.0,2.7216085950124085,153910000000.0,148959000000.0,4951000000.0,3657000000.0,119000000.0,0.0,1175000000.0
10313620,13,10,0.00433,9,115000.0,115000.0,92.7,97.5,57.6,,111.4,48.0,106.0,72.0,0.0,0.0,2.9127878254918564,153910000000.0,148959000000.0,4951000000.0,3657000000.0,119000000.0,0.0,1175000000.0
10313620,13,11,0.0043,9,121000.0,121000.0,91.9,99.2,56.5,,110.0,46.6,16.0,288.0,0.0,0.0,2.8945680764082664,153910000000.0,148959000000.0,4951000000.0,3657000000.0,119000000.0,0.0,1175000000.0
10313620,13,12,0.0038200000000000005,9,133000.0,133000.0,91.3,97.9,58.5,,104.3,48.4,8.0,519.0,0.0,0.0,3.1901330822774603,153910000000.0,148959000000.0,4951000000.0,3657000000.0,119000000.0,0.0,1175000000.0
1680026,16,1,0.00246,10,0.0,0.0,79.5,74.1,56.7,,95.1,,0.0,1141.0,224000.0,224000.0,4.245194781453448,216443000000.0,214045000000.0,2398000000.0,2398000000.0,0.0,0.0,0.0
1680026,16,2,0.0033200000000000005,10,0.0,0.0,79.8,75.5,58.7,,96.1,,0.0,845.0,251000.0,251000.0,3.815637466877976,216443000000.0,214045000000.0,2398000000.0,2398000000.0,0.0,0.0,0.0
1680026,16,3,0.00436,10,0.0,0.0,80.0,76.2,59.4,,97.5,,0.0,746.0,293000.0,293000.0,4.041123973232883,216443000000.0,214045000000.0,2398000000.0,2398000000.0,0.0,0.0,0.0
1680026,16,4,0.0056,10,0.0,0.0,78.3,76.5,60.6,,98.3,,3.0,429.0,248000.0,248000.0,3.238541180736638,216443000000.0,214045000000.0,2398000000.0,2398000000.0,0.0,0.0,0.0
1680026,16,5,0.00658,10,0.0,0.0,77.9,77.1,63.1,,100.9,,11.0,27.0,193000.0,193000.0,3.1999368704472237,216443000000.0,214045000000.0,2398000000.0,2398000000.0,0.0,0.0,0.0
1680026,16,6,0.007509999999999999,10,0.0,0.0,84.4,82.6,76.3,,100.7,,96.0,6.0,202000.0,202000.0,2.4902653136266686,216443000000.0,214045000000.0,2398000000.0,2398000000.0,0.0,0.0,0.0
1680026,16,7,0.008879999999999999,10,0.0,0.0,83.5,80.8,70.7,,107.6,,159.0,3.0,216000.0,216000.0,2.6898757651573115,216443000000.0,214045000000.0,2398000000.0,2398000000.0,0.0,0.0,0.0
1680026,16,8,0.00801,10,6000.0,6000.0,82.9,79.8,71.1,,104.6,,152.0,3.0,151000.0,151000.0,2.212446437221017,216443000000.0,214045000000.0,2398000000.0,2398000000.0,0.0,0.0,0.0
1680026,16,9,0.00695,10,9000.0,9000.0,79.9,76.6,67.4,,102.4,,25.0,33.0,99000.0,99000.0,3.1776027920883068,216443000000.0,214045000000.0,2398000000.0,2398000000.0,0.0,0.0,0.0
1680026,16,10,0.00526,10,5000.0,5000.0,80.2,78.0,61.0,,102.4,,0.0,496.0,167000.0,167000.0,4.112236407887584,216443000000.0,214045000000.0,2398000000.0,2398000000.0,0.0,0.0,0.0
1680026,16,11,0.00325,10,4000.0,4000.0,80.9,78.6,57.1,,100.2,,0.0,704.0,234000.0,234000.0,4.092865346498503,216443000000.0,214045000000.0,2398000000.0,2398000000.0,0.0,0.0,0.0
1680026,16,12,0.0025,10,6000.0,6000.0,79.9,74.6,56.7,,94.4,,0.0,358.0,299000.0,299000.0,4.483311509431345,216443000000.0,214045000000.0,2398000000.0,2398000000.0,0.0,0.0,0.0
12835726,17,1,0.00263,11,2000.0,2000.0,91.2,86.9,64.6,,117.7,67.1,0.0,1255.0,1268000.0,1268000.0,5.711350616611856,149995000000.0,143793000000.0,6202000000.0,2124000000.0,0.0,4078000000.0,0.0
12835726,17,2,0.00349,11,4000.0,4000.0,92.0,87.5,65.4,,122.7,65.2,0.0,940.0,1144000.0,1144000.0,5.8904233066965554,149995000000.0,143793000000.0,6202000000.0,2124000000.0,0.0,4078000000.0,0.0
12835726,17,3,0.004070000000000001,11,3000.0,3000.0,92.4,89.2,64.2,,128.8,69.5,4.0,637.0,1096000.0,1095000.0,4.960534194868632,149995000000.0,143793000000.0,6202000000.0,2124000000.0,0.0,4078000000.0,0.0
12835726,17,4,0.00449,11,4000.0,4000.0,92.4,89.5,64.5,,130.9,71.3,2.0,451.0,1026000.0,1025000.0,5.166548178608382,149995000000.0,143793000000.0,6202000000.0,2124000000.0,0.0,4078000000.0,0.0
12835726,17,5,0.0044,11,5000.0,5000.0,95.5,93.0,64.8,,136.1,68.3,57.0,98.0,854000.0,854000.0,4.240014367902487,149995000000.0,143793000000.0,6202000000.0,2124000000.0,0.0,4078000000.0,0.0
12835726,17,6,0.00519,11,5000.0,5000.0,95.3,89.9,64.8,,125.4,67.5,235.0,5.0,591000.0,591000.0,3.9420551345741583,149995000000.0,143793000000.0,6202000000.0,2124000000.0,0.0,4078000000.0,0.0
12835726,17,7,0.0054,11,5000.0,5000.0,96.5,92.8,66.1,,123.5,63.3,299.0,0.0,400000.0,399000.0,3.7444841208269657,149995000000.0,143793000000.0,6202000000.0,2124000000.0,0.0,4078000000.0,0.0
12835726,17,8,0.00504,11,5000.0,5000.0,96.0,91.3,67.2,,122.4,66.7,309.0,5.0,331000.0,331000.0,3.2698542114307863,149995000000.0,143793000000.0,6202000000.0,2124000000.0,0.0,4078000000.0,0.0
12835726,17,9,0.00481,11,5000.0,5000.0,94.6,91.2,66.3,,125.3,63.2,160.0,24.0,693000.0,692000.0,4.817581511635759,149995000000.0,143793000000.0,6202000000.0,2124000000.0,0.0,4078000000.0,0.0
12835726,17,10,0.00375,11,4000.0,4000.0,93.9,91.7,66.7,,130.3,67.9,25.0,253.0,960000.0,960000.0,4.874944172993083,149995000000.0,143793000000.0,6202000000.0,2124000000.0,0.0,4078000000.0,0.0
12835726,17,11,0.00294,11,4000.0,4000.0,94.0,90.8,64.5,,131.4,69.1,0.0,548.0,1095000.0,1095000.0,5.671459781993795,149995000000.0,143793000000.0,6202000000.0,2124000000.0,0.0,4078000000.0,0.0
12835726,17,12,0.00251,11,3000.0,3000.0,90.7,88.2,61.6,,119.5,64.4,0.0,208.0,1205000.0,1204000.0,6.171862286053614,149995000000.0,143793000000.0,6202000000.0,2124000000.0,0.0,4078000000.0,0.0
6634007,18,1,0.0024500000000000004,12,9000.0,9000.0,87.7,95.3,66.3,,108.0,95.2,0.0,1176.0,656000.0,656000.0,6.08605698487208,94326000000.0,92789000000.0,1537000000.0,935000000.0,0.0,602000000.0,0.0
6634007,18,2,0.00325,12,17000.0,17000.0,87.6,97.1,66.5,,109.0,96.7,0.0,882.0,572000.0,572000.0,5.84649266190665,94326000000.0,92789000000.0,1537000000.0,935000000.0,0.0,602000000.0,0.0
6634007,18,3,0.00391,12,15000.0,15000.0,88.1,98.3,66.6,,116.0,100.7,8.0,569.0,510000.0,510000.0,5.226759678938597,94326000000.0,92789000000.0,1537000000.0,935000000.0,0.0,602000000.0,0.0
6634007,18,4,0.00432,12,17000.0,17000.0,91.2,99.9,70.1,,122.1,96.7,1.0,405.0,451000.0,451000.0,4.940872215932196,94326000000.0,92789000000.0,1537000000.0,935000000.0,0.0,602000000.0,0.0
6634007,18,5,0.00433,12,21000.0,21000.0,89.9,98.0,68.5,,121.8,92.7,51.0,95.0,402000.0,402000.0,3.835497381255392,94326000000.0,92789000000.0,1537000000.0,935000000.0,0.0,602000000.0,0.0
6634007,18,6,0.0049900000000000005,12,21000.0,21000.0,91.2,98.4,68.5,,117.0,94.0,235.0,0.0,279000.0,279000.0,3.9105678053262256,94326000000.0,92789000000.0,1537000000.0,935000000.0,0.0,602000000.0,0.0
6634007,18,7,0.0051,12,24000.0,24000.0,92.5,98.4,69.0,,116.8,89.0,291.0,0.0,164000.0,164000.0,3.322816310678761,94326000000.0,92789000000.0,1537000000.0,935000000.0,0.0,602000000.0,0.0
6634007,18,8,0.00481,12,24000.0,24000.0,93.9,100.3,69.9,,117.7,94.9,326.0,1.0,148000.0,148000.0,3.4252776808532617,94326000000.0,92789000000.0,1537000000.0,935000000.0,0.0,602000000.0,0.0
6634007,18,9,0.0046,12,24000.0,24000.0,95.1,102.5,70.6,,122.6,96.3,165.0,26.0,241000.0,241000.0,3.9288406412765577,94326000000.0,92789000000.0,1537000000.0,935000000.0,0.0,602000000.0,0.0
6634007,18,10,0.0035,12,21000.0,21000.0,95.9,103.2,74.2,,126.9,103.9,32.0,215.0,460000.0,460000.0,4.636038992517719,94326000000.0,92789000000.0,1537000000.0,935000000.0,0.0,602000000.0,0.0
6634007,18,11,0.00266,12,19000.0,19000.0,97.0,106.3,73.8,,128.3,113.5,0.0,546.0,477000.0,477000.0,5.09027944914194,94326000000.0,92789000000.0,1537000000.0,935000000.0,0.0,602000000.0,0.0
6634007,18,12,0.00224,12,15000.0,15000.0,96.3,103.7,73.8,,117.5,106.8,0.0,108.0,538000.0,538000.0,5.5532335945604085,94326000000.0,92789000000.0,1537000000.0,935000000.0,0.0,602000000.0,0.0
3130869,19,1,0.00256,13,0.0,0.0,77.6,80.50000000000001,53.2,,101.8,,0.0,1403.0,1737000.0,1736000.0,5.453593358532811,145746000000.0,144669000000.0,1077000000.0,1077000000.0,0.0,0.0,0.0
3130869,19,2,0.00334,13,0.0,0.0,75.8,83.6,51.6,,105.6,,0.0,20.0,1894000.0,1894000.0,5.529771559605723,145746000000.0,144669000000.0,1077000000.0,1077000000.0,0.0,0.0,0.0
3130869,19,3,0.00424,13,0.0,0.0,77.6,82.7,53.2,,111.6,,5.0,707.0,1859000.0,1859000.0,5.742013800671019,145746000000.0,144669000000.0,1077000000.0,1077000000.0,0.0,0.0,0.0
3130869,19,4,0.00493,13,0.0,0.0,75.0,84.4,49.6,,114.0,,1.0,450.0,2343000.0,2343000.0,5.8875331577816965,145746000000.0,144669000000.0,1077000000.0,1077000000.0,0.0,0.0,0.0
3130869,19,5,0.00479,13,0.0,0.0,81.4,92.6,56.3,,126.5,,47.0,16.0,1334000.0,1334000.0,4.134340912347861,145746000000.0,144669000000.0,1077000000.0,1077000000.0,0.0,0.0,0.0
3130869,19,6,0.00517,13,0.0,0.0,100.1,104.8,74.5,,132.8,,248.0,4.0,1309000.0,1308000.0,4.473386880840139,145746000000.0,144669000000.0,1077000000.0,1077000000.0,0.0,0.0,0.0
3130869,19,7,0.005809999999999999,13,0.0,0.0,105.5,107.5,78.9,,137.8,,255.0,1.0,983000.0,983000.0,3.996733794564167,145746000000.0,144669000000.0,1077000000.0,1077000000.0,0.0,0.0,0.0
3130869,19,8,0.00514,13,0.0,0.0,105.3,110.5,78.6,,139.9,,241.0,7.0,789000.0,789000.0,3.716819652193272,145746000000.0,144669000000.0,1077000000.0,1077000000.0,0.0,0.0,0.0
3130869,19,9,0.0049900000000000005,13,0.0,0.0,92.6,97.1,71.6,,124.3,,128.0,53.0,1556000.0,1556000.0,4.976768696986942,145746000000.0,144669000000.0,1077000000.0,1077000000.0,0.0,0.0,0.0
3130869,19,10,0.00371,13,0.0,0.0,77.8,85.9,53.4,,118.6,,17.0,309.0,1796000.0,1796000.0,4.560198590187742,145746000000.0,144669000000.0,1077000000.0,1077000000.0,0.0,0.0,0.0
3130869,19,11,0.0030399999999999997,13,0.0,0.0,75.6,86.0,51.1,,116.3,,0.0,594.0,2050000.0,2050000.0,5.351916604596437,145746000000.0,144669000000.0,1077000000.0,1077000000.0,0.0,0.0,0.0
3130869,19,12,0.00257,13,0.0,0.0,75.8,80.3,50.8,,103.7,,0.0,299.0,2422000.0,2421000.0,6.383527989478066,145746000000.0,144669000000.0,1077000000.0,1077000000.0,0.0,0.0,0.0
2907731,20,1,0.00434,14,0.0,0.0,100.8,101.3,74.3,,120.0,,0.0,1038.0,1061000.0,1061000.0,4.434854731355589,213100000000.0,211754000000.0,1346000000.0,1346000000.0,0.0,0.0,0.0
2907731,20,2,0.00459,14,0.0,0.0,102.9,104.4,75.1,,126.5,,0.0,664.0,1303000.0,1303000.0,5.135831049349388,213100000000.0,211754000000.0,1346000000.0,1346000000.0,0.0,0.0,0.0
2907731,20,3,0.00496,14,0.0,0.0,104.1,106.1,75.6,,133.0,,19.0,462.0,1423000.0,1423000.0,5.477102272971861,213100000000.0,211754000000.0,1346000000.0,1346000000.0,0.0,0.0,0.0
2907731,20,4,0.00551,14,0.0,0.0,103.0,105.1,74.6,,135.8,,21.0,237.0,1300000.0,1300000.0,5.685372347370621,213100000000.0,211754000000.0,1346000000.0,1346000000.0,0.0,0.0,0.0
2907731,20,5,0.00584,14,0.0,0.0,105.7,106.7,74.9,,139.1,,63.0,41.0,1103000.0,1103000.0,4.972451127056432,213100000000.0,211754000000.0,1346000000.0,1346000000.0,0.0,0.0,0.0
2907731,20,6,0.00635,14,0.0,0.0,110.2,108.1,76.9,,133.9,,397.0,1.0,984000.0,984000.0,4.259070982817857,213100000000.0,211754000000.0,1346000000.0,1346000000.0,0.0,0.0,0.0
2907731,20,7,0.006849999999999999,14,0.0,0.0,109.5,106.6,76.2,,131.7,,462.0,0.0,1076000.0,1076000.0,4.666648778529037,213100000000.0,211754000000.0,1346000000.0,1346000000.0,0.0,0.0,0.0
2907731,20,8,0.006220000000000001,14,0.0,0.0,108.7,106.4,75.3,,132.9,,388.0,4.0,884000.0,884000.0,4.2746558274522615,213100000000.0,211754000000.0,1346000000.0,1346000000.0,0.0,0.0,0.0
2907731,20,9,0.0058,14,0.0,0.0,105.3,104.0,74.4,,130.5,,224.0,26.0,1138000.0,1138000.0,5.18488596152693,213100000000.0,211754000000.0,1346000000.0,1346000000.0,0.0,0.0,0.0
2907731,20,10,0.004900000000000001,14,0.0,0.0,104.3,105.7,74.8,,132.5,,60.0,149.0,1396000.0,1396000.0,5.304456515585872,213100000000.0,211754000000.0,1346000000.0,1346000000.0,0.0,0.0,0.0
2907731,20,11,0.0044800000000000005,14,0.0,0.0,100.8,101.2,73.3,,132.9,,4.0,418.0,1222000.0,1222000.0,4.901998454576458,213100000000.0,211754000000.0,1346000000.0,1346000000.0,0.0,0.0,0.0
2907731,20,12,0.004059999999999999,14,0.0,0.0,99.9,99.5,72.9,,122.3,,0.0,56.0,1222000.0,1222000.0,4.683850628636444,213100000000.0,211754000000.0,1346000000.0,1346000000.0,0.0,0.0,0.0
4436113,21,1,0.00288,15,0.0,0.0,82.7,92.6,55.0,,99.7,,0.0,1038.0,0.0,0.0,4.7776999930762365,104656000000.0,102269000000.0,2387000000.0,2387000000.0,0.0,0.0,0.0
4436113,21,2,0.00351,15,0.0,0.0,81.5,94.7,53.5,,99.1,,0.0,734.0,0.0,0.0,4.807506466638693,104656000000.0,102269000000.0,2387000000.0,2387000000.0,0.0,0.0,0.0
4436113,21,3,0.00386,15,0.0,0.0,80.60000000000002,94.8,53.6,,102.5,,20.0,434.0,0.0,0.0,4.799197525480451,104656000000.0,102269000000.0,2387000000.0,2387000000.0,0.0,0.0,0.0
4436113,21,4,0.0044,15,0.0,0.0,81.19999999999997,96.1,55.0,,105.6,,12.0,247.0,0.0,0.0,4.216182753836052,104656000000.0,102269000000.0,2387000000.0,2387000000.0,0.0,0.0,0.0
4436113,21,5,0.004520000000000001,15,0.0,0.0,80.8,95.5,53.4,,107.0,,68.0,35.0,0.0,0.0,3.7485377388275753,104656000000.0,102269000000.0,2387000000.0,2387000000.0,0.0,0.0,0.0
4436113,21,6,0.005,15,2000.0,2000.0,85.8,96.8,58.8,,105.1,,299.0,1.0,0.0,0.0,3.2178872312999838,104656000000.0,102269000000.0,2387000000.0,2387000000.0,0.0,0.0,0.0
4436113,21,7,0.0046500000000000005,15,2000.0,2000.0,87.1,95.3,59.8,,104.8,,396.0,0.0,0.0,0.0,2.816039021882541,104656000000.0,102269000000.0,2387000000.0,2387000000.0,0.0,0.0,0.0
4436113,21,8,0.004900000000000001,15,2000.0,2000.0,86.5,94.4,58.7,,105.1,,403.0,0.0,0.0,0.0,2.8490009002311205,104656000000.0,102269000000.0,2387000000.0,2387000000.0,0.0,0.0,0.0
4436113,21,9,0.00449,15,2000.0,2000.0,86.8,96.6,59.2,,106.9,,230.0,14.0,0.0,0.0,2.7200279050357787,104656000000.0,102269000000.0,2387000000.0,2387000000.0,0.0,0.0,0.0
4436113,21,10,0.0039,15,2000.0,2000.0,84.4,97.3,57.2,,110.6,,68.0,137.0,0.0,0.0,3.7030918659551215,104656000000.0,102269000000.0,2387000000.0,2387000000.0,0.0,0.0,0.0
4436113,21,11,0.0032600000000000003,15,1000.0,1000.0,85.1,99.0,57.0,,112.3,,1.0,458.0,0.0,0.0,3.8468136378386384,104656000000.0,102269000000.0,2387000000.0,2387000000.0,0.0,0.0,0.0
4436113,21,12,0.00268,15,1000.0,1000.0,86.0,95.9,58.9,,105.6,,0.0,874.0,0.0,0.0,4.478248866999942,104656000000.0,102269000000.0,2387000000.0,2387000000.0,0.0,0.0,0.0
4686157,22,1,0.0036899999999999997,16,0.0,0.0,71.5,84.5,49.8,,87.3,78.1,19.0,489.0,0.0,0.0,3.948582854510221,135659000000.0,111898000000.0,23761000000.0,11815000000.0,7460000000.0,0.0,4486000000.0
4686157,22,2,0.00397,16,0.0,0.0,70.6,85.1,47.7,,86.9,84.8,23.0,287.0,0.0,0.0,3.959150580360684,135659000000.0,111898000000.0,23761000000.0,11815000000.0,7460000000.0,0.0,4486000000.0
4686157,22,3,0.00451,16,0.0,0.0,75.0,90.0,52.3,,94.6,92.8,102.0,121.0,0.0,0.0,4.37050300602529,135659000000.0,111898000000.0,23761000000.0,11815000000.0,7460000000.0,0.0,4486000000.0
4686157,22,4,0.005059999999999999,16,0.0,0.0,71.2,87.1,48.7,,94.0,96.8,139.0,29.0,0.0,0.0,4.204932247923616,135659000000.0,111898000000.0,23761000000.0,11815000000.0,7460000000.0,0.0,4486000000.0
4686157,22,5,0.005,16,0.0,0.0,72.3,85.3,48.3,,95.0,95.7,274.0,1.0,0.0,0.0,3.4237832082230564,135659000000.0,111898000000.0,23761000000.0,11815000000.0,7460000000.0,0.0,4486000000.0
4686157,22,6,0.00495,16,0.0,0.0,71.2,82.2,45.2,,91.9,90.7,485.0,0.0,0.0,0.0,2.6809779424551703,135659000000.0,111898000000.0,23761000000.0,11815000000.0,7460000000.0,0.0,4486000000.0
4686157,22,7,0.00481,16,0.0,0.0,75.2,82.5,48.9,,92.8,86.8,582.0,0.0,0.0,0.0,2.8883905726603967,135659000000.0,111898000000.0,23761000000.0,11815000000.0,7460000000.0,0.0,4486000000.0
4686157,22,8,0.00487,16,0.0,0.0,78.5,86.2,52.8,,96.6,93.3,543.0,0.0,0.0,0.0,2.497809855495382,135659000000.0,111898000000.0,23761000000.0,11815000000.0,7460000000.0,0.0,4486000000.0
4686157,22,9,0.004379999999999999,16,0.0,0.0,79.9,86.7,55.4,,97.4,93.5,468.0,0.0,0.0,0.0,2.395071393290209,135659000000.0,111898000000.0,23761000000.0,11815000000.0,7460000000.0,0.0,4486000000.0
4686157,22,10,0.00461,16,0.0,0.0,76.6,85.5,53.3,,95.2,83.4,233.0,16.0,0.0,0.0,3.212591491440761,135659000000.0,111898000000.0,23761000000.0,11815000000.0,7460000000.0,0.0,4486000000.0
4686157,22,11,0.00412,16,0.0,0.0,74.1,87.1,51.8,,93.8,96.0,75.0,130.0,0.0,0.0,3.3075122550733327,135659000000.0,111898000000.0,23761000000.0,11815000000.0,7460000000.0,0.0,4486000000.0
4686157,22,12,0.00355,16,0.0,0.0,77.4,90.5,55.6,,93.7,92.2,28.0,300.0,0.0,0.0,4.300318071204938,135659000000.0,111898000000.0,23761000000.0,11815000000.0,7460000000.0,0.0,4486000000.0
1330232,23,1,0.00339,17,0.0,0.0,129.0,122.2,89.3,,155.6,,0.0,1278.0,164000.0,164000.0,5.754875718379256,91633000000.0,79883000000.0,11750000000.0,5992000000.0,1530000000.0,0.0,4228000000.0
1330232,23,2,0.0036200000000000004,17,0.0,0.0,128.9,122.0,91.0,,154.7,,0.0,97.0,157000.0,157000.0,5.436226098223838,91633000000.0,79883000000.0,11750000000.0,5992000000.0,1530000000.0,0.0,4228000000.0
1330232,23,3,0.004,17,0.0,0.0,129.1,122.8,90.3,,156.5,,0.0,989.0,138000.0,138000.0,4.74378500613463,91633000000.0,79883000000.0,11750000000.0,5992000000.0,1530000000.0,0.0,4228000000.0
1330232,23,4,0.004719999999999999,17,0.0,0.0,125.3,119.1,87.7,,156.0,,0.0,738.0,128000.0,128000.0,4.40783501910084,91633000000.0,79883000000.0,11750000000.0,5992000000.0,1530000000.0,0.0,4228000000.0
1330232,23,5,0.00462,17,0.0,0.0,125.5,120.8,87.1,,157.8,,0.0,46.0,107000.0,107000.0,3.962008210072558,91633000000.0,79883000000.0,11750000000.0,5992000000.0,1530000000.0,0.0,4228000000.0
1330232,23,6,0.00454,17,0.0,0.0,122.8,115.6,83.1,,158.4,,14.0,0.0,117000.0,117000.0,3.941142724271391,91633000000.0,79883000000.0,11750000000.0,5992000000.0,1530000000.0,0.0,4228000000.0
1330232,23,7,0.00461,17,0.0,0.0,127.7,118.2,91.4,,158.3,,133.0,8.0,105000.0,105000.0,3.2988000327264357,91633000000.0,79883000000.0,11750000000.0,5992000000.0,1530000000.0,0.0,4228000000.0
1330232,23,8,0.00476,17,0.0,0.0,131.0,122.2,96.6,,160.0,,129.0,4.0,113000.0,113000.0,3.2635327997411783,91633000000.0,79883000000.0,11750000000.0,5992000000.0,1530000000.0,0.0,4228000000.0
1330232,23,9,0.00447,17,0.0,0.0,129.4,120.2,90.5,,162.60000000000005,,17.0,37.0,106000.0,106000.0,3.584734338469296,91633000000.0,79883000000.0,11750000000.0,5992000000.0,1530000000.0,0.0,4228000000.0
1330232,23,10,0.00307,17,0.0,0.0,127.2,123.7,85.0,,162.60000000000005,,0.0,502.0,144000.0,144000.0,4.817220458436293,91633000000.0,79883000000.0,11750000000.0,5992000000.0,1530000000.0,0.0,4228000000.0
1330232,23,11,0.00248,17,0.0,0.0,129.3,123.9,90.4,,162.1,,0.0,769.0,163000.0,163000.0,4.807046052681292,91633000000.0,79883000000.0,11750000000.0,5992000000.0,1530000000.0,0.0,4228000000.0
1330232,23,12,0.00292,17,0.0,0.0,129.1,119.7,92.5,,156.3,,0.0,267.0,226000.0,226000.0,4.523959827016066,91633000000.0,79883000000.0,11750000000.0,5992000000.0,1530000000.0,0.0,4228000000.0
6823721,25,1,0.00305,19,23000.0,23000.0,166.2,154.6,132.8,,194.1,70.1,0.0,1097.0,18000.0,16000.0,5.1456781207104205,27336000000.0,20202000000.0,7134000000.0,1258000000.0,3048000000.0,0.0,2829000000.0
6823721,25,2,0.0035700000000000003,19,47000.0,47000.0,170.6,160.5,134.6,,197.5,78.1,0.0,929.0,23000.0,21000.0,5.564710885077218,27336000000.0,20202000000.0,7134000000.0,1258000000.0,3048000000.0,0.0,2829000000.0
6823721,25,3,0.0040100000000000005,19,41000.0,41000.0,166.5,156.1,133.4,,196.2,60.7,0.0,728.0,21000.0,19000.0,4.098040607921987,27336000000.0,20202000000.0,7134000000.0,1258000000.0,3048000000.0,0.0,2829000000.0
6823721,25,4,0.0043100000000000005,19,47000.0,46000.0,166.4,155.9,131.5,,198.9,53.5,0.0,588.0,16000.0,15000.0,3.5461773849754534,27336000000.0,20202000000.0,7134000000.0,1258000000.0,3048000000.0,0.0,2829000000.0
6823721,25,5,0.00415,19,58000.0,58000.0,159.6,151.1,128.7,,189.7,48.3,6.0,42.0,16000.0,15000.0,3.173536175562816,27336000000.0,20202000000.0,7134000000.0,1258000000.0,3048000000.0,0.0,2829000000.0
6823721,25,6,0.0041,19,58000.0,57000.0,161.4,155.6,132.0,,184.5,48.5,81.0,5.0,15000.0,13000.0,3.8061546846542647,27336000000.0,20202000000.0,7134000000.0,1258000000.0,3048000000.0,0.0,2829000000.0
6823721,25,7,0.0046,19,66000.0,66000.0,163.29999999999995,158.1,136.0,,180.2,56.5,257.0,0.0,13000.0,12000.0,3.1771326897059415,27336000000.0,20202000000.0,7134000000.0,1258000000.0,3048000000.0,0.0,2829000000.0
6823721,25,8,0.0044,19,65000.0,65000.0,164.0,158.0,137.1,,180.2,65.0,259.0,0.0,14000.0,13000.0,3.4772196174664565,27336000000.0,20202000000.0,7134000000.0,1258000000.0,3048000000.0,0.0,2829000000.0
6823721,25,9,0.00425,19,62000.0,61000.0,171.9,162.8,136.1,,196.9,50.8,63.0,55.0,16000.0,14000.0,3.617786154238356,27336000000.0,20202000000.0,7134000000.0,1258000000.0,3048000000.0,0.0,2829000000.0
6823721,25,10,0.00331,19,55000.0,54000.0,164.3,158.7,134.5,,188.2,53.0,0.0,370.0,20000.0,18000.0,4.085567472450465,27336000000.0,20202000000.0,7134000000.0,1258000000.0,3048000000.0,0.0,2829000000.0
6823721,25,11,0.00257,19,48000.0,48000.0,160.2,149.1,132.0,,191.4,52.7,0.0,655.0,19000.0,17000.0,4.1037624593564335,27336000000.0,20202000000.0,7134000000.0,1258000000.0,3048000000.0,0.0,2829000000.0
6823721,25,12,0.0026899999999999997,19,39000.0,39000.0,161.9,149.4,135.9,,188.1,66.9,0.0,18.0,24000.0,21000.0,5.359823454175542,27336000000.0,20202000000.0,7134000000.0,1258000000.0,3048000000.0,0.0,2829000000.0
9933445,26,1,0.0022,20,0.0,0.0,107.5,101.9,67.6,,144.3,117.5,0.0,1238.0,524000.0,524000.0,5.9844198427407616,250487000000.0,146435000000.0,104052000000.0,5182000000.0,0.0,98870000000.0,0.0
9933445,26,2,0.00279,20,0.0,0.0,107.5,105.5,65.6,,147.8,112.1,0.0,20.0,487000.0,487000.0,6.239037579750093,250487000000.0,146435000000.0,104052000000.0,5182000000.0,0.0,98870000000.0,0.0
9933445,26,3,0.00379,20,0.0,0.0,105.8,103.5,67.7,,147.5,112.1,0.0,778.0,403000.0,403000.0,4.973385158952895,250487000000.0,146435000000.0,104052000000.0,5182000000.0,0.0,98870000000.0,0.0
9933445,26,4,0.00487,20,1000.0,1000.0,104.6,103.7,66.1,,148.8,114.5,0.0,621.0,330000.0,330000.0,5.106725525279125,250487000000.0,146435000000.0,104052000000.0,5182000000.0,0.0,98870000000.0,0.0
9933445,26,5,0.0047799999999999995,20,1000.0,1000.0,107.5,106.7,68.9,,152.6,113.3,32.0,51.0,315000.0,315000.0,4.073869996995708,250487000000.0,146435000000.0,104052000000.0,5182000000.0,0.0,98870000000.0,0.0
9933445,26,6,0.0052,20,1000.0,1000.0,110.5,106.4,68.7,,153.4,121.0,126.0,3.0,302000.0,302000.0,4.299501357373541,250487000000.0,146435000000.0,104052000000.0,5182000000.0,0.0,98870000000.0,0.0
9933445,26,7,0.0054600000000000004,20,1000.0,1000.0,114.3,106.1,71.1,,153.1,116.3,251.0,4.0,273000.0,273000.0,4.468026043474222,250487000000.0,146435000000.0,104052000000.0,5182000000.0,0.0,98870000000.0,0.0
9933445,26,8,0.004849999999999999,20,1000.0,1000.0,117.0,107.1,71.8,,158.2,112.0,266.0,6.0,202000.0,202000.0,4.1066883023943435,250487000000.0,146435000000.0,104052000000.0,5182000000.0,0.0,98870000000.0,0.0
9933445,26,9,0.00432,20,1000.0,1000.0,113.3,108.0,71.1,,157.1,118.4,85.0,61.0,327000.0,327000.0,5.4283392504248,250487000000.0,146435000000.0,104052000000.0,5182000000.0,0.0,98870000000.0,0.0
9933445,26,10,0.00267,20,1000.0,1000.0,111.2,108.6,70.0,,156.7,119.1,9.0,349.0,392000.0,392000.0,5.893518809506753,250487000000.0,146435000000.0,104052000000.0,5182000000.0,0.0,98870000000.0,0.0
9933445,26,11,0.00197,20,1000.0,1000.0,110.2,109.6,70.0,,153.7,121.0,0.0,616.0,498000.0,498000.0,6.609130515754237,250487000000.0,146435000000.0,104052000000.0,5182000000.0,0.0,98870000000.0,0.0
9933445,26,12,0.00206,20,1000.0,1000.0,113.6,108.9,70.6,,151.6,121.0,0.0,175.0,641000.0,641000.0,6.915269464251971,250487000000.0,146435000000.0,104052000000.0,5182000000.0,0.0,98870000000.0,0.0
5525050,27,1,0.0024,21,0.0,0.0,97.2,95.1,71.0,,119.5,104.6,0.0,1592.0,845000.0,842000.0,4.850598371672568,225163000000.0,206232000000.0,18930000000.0,12336000000.0,0.0,6594000000.0,0.0
5525050,27,2,0.003,21,0.0,0.0,97.0,95.0,72.1,,120.5,99.7,0.0,231.0,912000.0,909000.0,4.942222925281354,225163000000.0,206232000000.0,18930000000.0,12336000000.0,0.0,6594000000.0,0.0
5525050,27,3,0.00387,21,1000.0,1000.0,96.2,94.6,72.1,,121.7,100.0,0.0,870.0,870000.0,868000.0,4.166990679487698,225163000000.0,206232000000.0,18930000000.0,12336000000.0,0.0,6594000000.0,0.0
5525050,27,4,0.00545,21,1000.0,1000.0,97.8,97.4,72.1,,126.1,99.1,0.0,639.0,1100000.0,1097000.0,5.3128297568096725,225163000000.0,206232000000.0,18930000000.0,12336000000.0,0.0,6594000000.0,0.0
5525050,27,5,0.0050799999999999994,21,1000.0,1000.0,99.7,99.6,73.4,,130.1,86.6,27.0,82.0,670000.0,668000.0,4.48875093076096,225163000000.0,206232000000.0,18930000000.0,12336000000.0,0.0,6594000000.0,0.0
5525050,27,6,0.00509,21,1000.0,1000.0,101.1,98.6,76.9,,127.6,105.8,107.0,6.0,647000.0,645000.0,4.502906942224986,225163000000.0,206232000000.0,18930000000.0,12336000000.0,0.0,6594000000.0,0.0
5525050,27,7,0.006019999999999999,21,1000.0,1000.0,104.2,100.8,77.7,,131.6,101.7,178.0,4.0,510000.0,509000.0,3.863619892450255,225163000000.0,206232000000.0,18930000000.0,12336000000.0,0.0,6594000000.0,0.0
5525050,27,8,0.005229999999999999,21,1000.0,1000.0,104.0,101.5,77.8,,130.7,104.1,154.0,2.0,423000.0,422000.0,4.176254001705048,225163000000.0,206232000000.0,18930000000.0,12336000000.0,0.0,6594000000.0,0.0
5525050,27,9,0.00443,21,1000.0,1000.0,103.5,106.4,71.2,,136.9,110.0,41.0,44.0,802000.0,800000.0,5.459900010054651,225163000000.0,206232000000.0,18930000000.0,12336000000.0,0.0,6594000000.0,0.0
5525050,27,10,0.00307,21,1000.0,1000.0,99.7,99.0,74.4,,131.1,97.5,1.0,493.0,920000.0,917000.0,4.771207283128064,225163000000.0,206232000000.0,18930000000.0,12336000000.0,0.0,6594000000.0,0.0
5525050,27,11,0.00271,21,1000.0,1000.0,101.0,102.1,73.1,,130.7,101.3,0.0,727.0,958000.0,955000.0,5.183161766080518,225163000000.0,206232000000.0,18930000000.0,12336000000.0,0.0,6594000000.0,0.0
5525050,27,12,0.0024500000000000004,21,2000.0,2000.0,96.1,92.3,71.7,,119.1,96.6,0.0,487.0,1277000.0,1273000.0,5.798262204560713,225163000000.0,206232000000.0,18930000000.0,12336000000.0,0.0,6594000000.0,0.0
2985415,28,1,0.00356,22,0.0,0.0,87.9,99.6,58.6,,103.7,,7.0,655.0,0.0,0.0,3.3254767009052877,125438000000.0,121531000000.0,3907000000.0,1992000000.0,1596000000.0,0.0,318000000.0
2985415,28,2,0.0040100000000000005,22,0.0,0.0,85.6,97.9,54.6,,102.5,,12.0,402.0,0.0,0.0,3.4820334106350104,125438000000.0,121531000000.0,3907000000.0,1992000000.0,1596000000.0,0.0,318000000.0
2985415,28,3,0.0044800000000000005,22,0.0,0.0,85.7,97.6,54.9,,108.3,,64.0,203.0,0.0,0.0,4.145482999004317,125438000000.0,121531000000.0,3907000000.0,1992000000.0,1596000000.0,0.0,318000000.0
2985415,28,4,0.0050100000000000006,22,0.0,0.0,82.5,93.5,53.1,,109.3,,82.0,74.0,0.0,0.0,3.4304523283385198,125438000000.0,121531000000.0,3907000000.0,1992000000.0,1596000000.0,0.0,318000000.0
2985415,28,5,0.004900000000000001,22,0.0,0.0,83.1,92.8,53.4,,108.0,,190.0,16.0,0.0,0.0,3.1556670028564437,125438000000.0,121531000000.0,3907000000.0,1992000000.0,1596000000.0,0.0,318000000.0
2985415,28,6,0.00511,22,0.0,0.0,87.8,95.0,59.4,,105.6,,454.0,0.0,0.0,0.0,2.3008732330409214,125438000000.0,121531000000.0,3907000000.0,1992000000.0,1596000000.0,0.0,318000000.0
2985415,28,7,0.00483,22,0.0,0.0,87.1,92.3,60.3,,101.3,,540.0,0.0,0.0,0.0,2.8106373749618605,125438000000.0,121531000000.0,3907000000.0,1992000000.0,1596000000.0,0.0,318000000.0
2985415,28,8,0.0049900000000000005,22,0.0,0.0,87.2,92.9,59.4,,102.3,,525.0,0.0,0.0,0.0,2.1268824845561407,125438000000.0,121531000000.0,3907000000.0,1992000000.0,1596000000.0,0.0,318000000.0
2985415,28,9,0.00436,22,0.0,0.0,87.1,93.0,60.8,,101.0,,419.0,0.0,0.0,0.0,2.1490038957319,125438000000.0,121531000000.0,3907000000.0,1992000000.0,1596000000.0,0.0,318000000.0
2985415,28,10,0.0044800000000000005,22,0.0,0.0,88.4,97.8,59.7,,105.8,,169.0,38.0,0.0,0.0,2.8133298801494218,125438000000.0,121531000000.0,3907000000.0,1992000000.0,1596000000.0,0.0,318000000.0
2985415,28,11,0.004059999999999999,22,0.0,0.0,88.0,99.1,59.0,,109.6,,27.0,223.0,0.0,0.0,2.795229873549516,125438000000.0,121531000000.0,3907000000.0,1992000000.0,1596000000.0,0.0,318000000.0
2985415,28,12,0.00337,22,0.0,0.0,88.9,100.4,61.7,,106.1,,10.0,477.0,0.0,0.0,3.3380779965207785,125438000000.0,121531000000.0,3907000000.0,1992000000.0,1596000000.0,0.0,318000000.0
6091176,29,1,0.00334,23,1000.0,1000.0,84.1,80.9,61.2,,94.2,68.5,0.0,1087.0,98000.0,98000.0,5.144480778866491,180540000000.0,178040000000.0,2501000000.0,2501000000.0,0.0,0.0,0.0
6091176,29,2,0.00375,23,2000.0,2000.0,85.1,82.7,62.9,,95.2,63.2,0.0,751.0,118000.0,118000.0,5.362872005913887,180540000000.0,178040000000.0,2501000000.0,2501000000.0,0.0,0.0,0.0
6091176,29,3,0.00425,23,2000.0,2000.0,87.9,83.1,63.2,,103.9,65.7,18.0,484.0,119000.0,119000.0,4.874054752371854,180540000000.0,178040000000.0,2501000000.0,2501000000.0,0.0,0.0,0.0
6091176,29,4,0.00481,23,2000.0,2000.0,88.8,84.0,65.3,,106.9,67.3,15.0,263.0,132000.0,132000.0,4.961311959082833,180540000000.0,178040000000.0,2501000000.0,2501000000.0,0.0,0.0,0.0
6091176,29,5,0.00477,23,3000.0,3000.0,100.5,95.3,71.5,,122.4,75.6,68.0,43.0,69000.0,69000.0,3.737624403989202,180540000000.0,178040000000.0,2501000000.0,2501000000.0,0.0,0.0,0.0
6091176,29,6,0.00541,23,3000.0,3000.0,113.6,108.7,82.6,,128.6,114.9,357.0,0.0,65000.0,65000.0,3.4968514944287548,180540000000.0,178040000000.0,2501000000.0,2501000000.0,0.0,0.0,0.0
6091176,29,7,0.00564,23,4000.0,4000.0,111.9,106.0,82.5,,125.9,114.5,394.0,0.0,60000.0,60000.0,3.431498028327136,180540000000.0,178040000000.0,2501000000.0,2501000000.0,0.0,0.0,0.0
6091176,29,8,0.0054399999999999995,23,4000.0,4000.0,113.0,107.5,82.3,,127.3,114.4,357.0,4.0,52000.0,52000.0,3.255054265898414,180540000000.0,178040000000.0,2501000000.0,2501000000.0,0.0,0.0,0.0
6091176,29,9,0.00509,23,4000.0,4000.0,100.4,94.1,74.3,,116.2,115.7,217.0,22.0,83000.0,83000.0,4.021502300968853,180540000000.0,178040000000.0,2501000000.0,2501000000.0,0.0,0.0,0.0
6091176,29,10,0.004220000000000001,23,3000.0,3000.0,90.6,85.7,68.3,,107.6,72.0,56.0,158.0,100000.0,100000.0,4.582492664896525,180540000000.0,178040000000.0,2501000000.0,2501000000.0,0.0,0.0,0.0
6091176,29,11,0.00353,23,3000.0,3000.0,92.1,86.3,67.4,,111.4,71.7,5.0,437.0,108000.0,108000.0,4.705404361370023,180540000000.0,178040000000.0,2501000000.0,2501000000.0,0.0,0.0,0.0
6091176,29,12,0.00313,23,2000.0,2000.0,90.2,86.6,70.6,,99.1,67.8,0.0,43.0,118000.0,118000.0,5.004752346971526,180540000000.0,178040000000.0,2501000000.0,2501000000.0,0.0,0.0,0.0
1038656,30,1,0.00259,24,0.0,0.0,85.7,95.3,50.6,,101.1,,0.0,1235.0,197000.0,197000.0,5.412377991487628,380831000000.0,376962000000.0,3869000000.0,3869000000.0,0.0,0.0,0.0
1038656,30,2,0.0034300000000000003,24,0.0,0.0,85.7,98.8,47.3,,103.9,,2.0,887.0,263000.0,263000.0,6.287611482433065,380831000000.0,376962000000.0,3869000000.0,3869000000.0,0.0,0.0,0.0
1038656,30,3,0.00433,24,0.0,0.0,88.4,102.6,48.6,,108.1,,0.0,891.0,223000.0,223000.0,5.350279295938817,380831000000.0,376962000000.0,3869000000.0,3869000000.0,0.0,0.0,0.0
1038656,30,4,0.005379999999999999,24,0.0,0.0,86.4,102.7,45.8,,109.5,,0.0,607.0,162000.0,162000.0,4.409814083374684,380831000000.0,376962000000.0,3869000000.0,3869000000.0,0.0,0.0,0.0
1038656,30,5,0.00587,24,0.0,0.0,88.5,104.6,48.9,,113.1,,1.0,83.0,140000.0,140000.0,4.336083786727807,380831000000.0,376962000000.0,3869000000.0,3869000000.0,0.0,0.0,0.0
1038656,30,6,0.00626,24,0.0,0.0,90.6,105.1,52.4,,114.7,,44.0,8.0,150000.0,150000.0,4.046570282347935,380831000000.0,376962000000.0,3869000000.0,3869000000.0,0.0,0.0,0.0
1038656,30,7,0.00797,24,0.0,0.0,91.3,103.1,56.5,,114.8,,74.0,8.0,125000.0,125000.0,3.6390424693703975,380831000000.0,376962000000.0,3869000000.0,3869000000.0,0.0,0.0,0.0
1038656,30,8,0.006940000000000001,24,0.0,0.0,90.7,101.7,55.7,,113.9,,54.0,4.0,113000.0,113000.0,3.6603857175084533,380831000000.0,376962000000.0,3869000000.0,3869000000.0,0.0,0.0,0.0
1038656,30,9,0.00575,24,0.0,0.0,88.9,103.6,50.7,,115.1,,9.0,65.0,168000.0,168000.0,4.8538875863414495,380831000000.0,376962000000.0,3869000000.0,3869000000.0,0.0,0.0,0.0
1038656,30,10,0.004220000000000001,24,0.0,0.0,89.4,103.2,51.7,,112.1,,0.0,661.0,150000.0,150000.0,5.018617028751083,380831000000.0,376962000000.0,3869000000.0,3869000000.0,0.0,0.0,0.0
1038656,30,11,0.0029100000000000003,24,0.0,0.0,87.4,102.3,48.5,,109.5,,0.0,797.0,205000.0,205000.0,5.692007346569258,380831000000.0,376962000000.0,3869000000.0,3869000000.0,0.0,0.0,0.0
1038656,30,12,0.00248,24,0.0,0.0,88.2,100.5,49.0,,105.4,,0.0,535.0,243000.0,243000.0,6.474952824424249,380831000000.0,376962000000.0,3869000000.0,3869000000.0,0.0,0.0,0.0
1907603,31,1,0.00374,25,0.0,0.0,82.4,82.6,69.5,,92.5,,0.0,1247.0,310000.0,310000.0,5.106056674048825,200330000000.0,198974000000.0,1356000000.0,1356000000.0,0.0,0.0,0.0
1907603,31,2,0.00418,25,0.0,0.0,84.2,83.2,72.1,,96.0,,0.0,867.0,308000.0,308000.0,5.616823139519843,200330000000.0,198974000000.0,1356000000.0,1356000000.0,0.0,0.0,0.0
1907603,31,3,0.004849999999999999,25,0.0,0.0,90.9,85.7,85.0,,102.7,,11.0,618.0,344000.0,344000.0,5.3729833852748285,200330000000.0,198974000000.0,1356000000.0,1356000000.0,0.0,0.0,0.0
1907603,31,4,0.00542,25,0.0,0.0,87.3,85.6,74.5,,106.5,,5.0,392.0,387000.0,387000.0,6.148766431607678,200330000000.0,198974000000.0,1356000000.0,1356000000.0,0.0,0.0,0.0
1907603,31,5,0.00577,25,0.0,0.0,88.4,87.4,74.1,,110.2,,47.0,19.0,263000.0,263000.0,4.396735019403021,200330000000.0,198974000000.0,1356000000.0,1356000000.0,0.0,0.0,0.0
1907603,31,6,0.006540000000000001,25,1000.0,1000.0,96.8,94.4,80.60000000000002,,118.7,,320.0,0.0,260000.0,260000.0,4.040062714116933,200330000000.0,198974000000.0,1356000000.0,1356000000.0,0.0,0.0,0.0
1907603,31,7,0.00706,25,1000.0,1000.0,101.4,94.2,89.1,,120.8,,319.0,0.0,215000.0,215000.0,4.0546451536367885,200330000000.0,198974000000.0,1356000000.0,1356000000.0,0.0,0.0,0.0
1907603,31,8,0.0062900000000000005,25,1000.0,1000.0,98.1,93.0,83.9,,120.0,,262.0,5.0,209000.0,209000.0,4.206754314511398,200330000000.0,198974000000.0,1356000000.0,1356000000.0,0.0,0.0,0.0
1907603,31,9,0.00594,25,1000.0,1000.0,94.9,93.0,75.0,,123.3,,129.0,72.0,294000.0,294000.0,4.932102498458793,200330000000.0,198974000000.0,1356000000.0,1356000000.0,0.0,0.0,0.0
1907603,31,10,0.00471,25,1000.0,1000.0,86.5,85.4,72.0,,107.3,,14.0,288.0,336000.0,336000.0,4.683074796701608,200330000000.0,198974000000.0,1356000000.0,1356000000.0,0.0,0.0,0.0
1907603,31,11,0.00391,25,0.0,0.0,84.4,84.1,69.4,,107.0,,0.0,586.0,336000.0,336000.0,5.25871504510501,200330000000.0,198974000000.0,1356000000.0,1356000000.0,0.0,0.0,0.0
1907603,31,12,0.0034200000000000003,25,0.0,0.0,84.6,84.4,70.4,,97.0,,0.0,239.0,538000.0,538000.0,5.6691930889857876,200330000000.0,198974000000.0,1356000000.0,1356000000.0,0.0,0.0,0.0
2939254,32,1,0.004719999999999999,26,117000.0,115000.0,81.4,81.7,49.9,,113.9,80.1,0.0,735.0,21000.0,21000.0,3.6206140352323337,286380000000.0,284332000000.0,2048000000.0,2048000000.0,0.0,0.0,0.0
2939254,32,2,0.00505,26,243000.0,231000.0,80.9,85.7,51.5,,121.9,80.50000000000001,8.0,435.0,15000.0,15000.0,3.3269033268429338,286380000000.0,284332000000.0,2048000000.0,2048000000.0,0.0,0.0,0.0
2939254,32,3,0.00662,26,220000.0,216000.0,79.3,82.3,48.4,,122.6,74.7,23.0,357.0,33000.0,33000.0,3.6269807363997186,286380000000.0,284332000000.0,2048000000.0,2048000000.0,0.0,0.0,0.0
2939254,32,4,0.0069700000000000005,26,233000.0,229000.0,76.6,80.60000000000002,50.0,,118.7,72.4,55.0,225.0,31000.0,31000.0,4.160992585108882,286380000000.0,284332000000.0,2048000000.0,2048000000.0,0.0,0.0,0.0
2939254,32,5,0.00822,26,297000.0,291000.0,79.7,80.8,48.6,,120.7,73.6,134.0,23.0,25000.0,25000.0,3.530021726617153,286380000000.0,284332000000.0,2048000000.0,2048000000.0,0.0,0.0,0.0
2939254,32,6,0.00941,26,299000.0,294000.0,88.0,78.5,60.0,,113.9,78.1,506.0,5.0,31000.0,31000.0,3.1255031326419265,286380000000.0,284332000000.0,2048000000.0,2048000000.0,0.0,0.0,0.0
2939254,32,7,0.00922,26,335000.0,329000.0,91.8,76.2,84.3,,107.1,86.0,603.0,2.0,31000.0,31000.0,3.399833947353426,286380000000.0,284332000000.0,2048000000.0,2048000000.0,0.0,0.0,0.0
2939254,32,8,0.008879999999999999,26,328000.0,322000.0,92.3,78.9,78.6,,108.2,81.5,522.0,3.0,26000.0,26000.0,3.0233787505496195,286380000000.0,284332000000.0,2048000000.0,2048000000.0,0.0,0.0,0.0
2939254,32,9,0.008490000000000001,26,319000.0,314000.0,89.7,80.2,74.2,,111.7,83.6,261.0,38.0,30000.0,30000.0,3.30826883065094,286380000000.0,284332000000.0,2048000000.0,2048000000.0,0.0,0.0,0.0
2939254,32,10,0.00706,26,267000.0,263000.0,84.5,78.7,67.0,,120.4,79.1,116.0,147.0,42000.0,42000.0,4.153282126924139,286380000000.0,284332000000.0,2048000000.0,2048000000.0,0.0,0.0,0.0
2939254,32,11,0.005529999999999999,26,258000.0,253000.0,71.8,76.2,31.9,,117.9,73.4,10.0,374.0,23000.0,23000.0,3.512935453089132,286380000000.0,284332000000.0,2048000000.0,2048000000.0,0.0,0.0,0.0
2939254,32,12,0.00458,26,208000.0,204000.0,77.1,75.1,46.4,,112.5,73.9,0.0,756.0,35000.0,35000.0,3.871642748339956,286380000000.0,284332000000.0,2048000000.0,2048000000.0,0.0,0.0,0.0
8978416,34,1,0.00328,28,51000.0,41000.0,130.8,118.5,100.7,,154.8,91.5,0.0,1056.0,3000.0,3000.0,5.363286247735336,22591000000.0,19047000000.0,3544000000.0,1128000000.0,1105000000.0,0.0,1311000000.0
8978416,34,2,0.00391,28,45000.0,37000.0,128.8,117.0,98.4,,154.6,85.2,0.0,827.0,2000.0,2000.0,5.2932364226059505,22591000000.0,19047000000.0,3544000000.0,1128000000.0,1105000000.0,0.0,1311000000.0
8978416,34,3,0.00428,28,73000.0,59000.0,129.6,119.1,101.5,,155.5,87.2,0.0,572.0,2000.0,2000.0,3.751452710409595,22591000000.0,19047000000.0,3544000000.0,1128000000.0,1105000000.0,0.0,1311000000.0
8978416,34,4,0.0043,28,82000.0,67000.0,128.0,118.5,96.8,,154.9,83.0,0.0,436.0,1000.0,1000.0,3.8959228202659464,22591000000.0,19047000000.0,3544000000.0,1128000000.0,1105000000.0,0.0,1311000000.0
8978416,34,5,0.00433,28,74000.0,60000.0,130.7,122.6,100.3,,153.7,83.9,20.0,76.0,1000.0,1000.0,3.456893963783596,22591000000.0,19047000000.0,3544000000.0,1128000000.0,1105000000.0,0.0,1311000000.0
8978416,34,6,0.0044,28,94000.0,77000.0,140.9,132.3,107.0,,160.2,89.1,166.0,6.0,1000.0,1000.0,3.9365204632682462,22591000000.0,19047000000.0,3544000000.0,1128000000.0,1105000000.0,0.0,1311000000.0
8978416,34,7,0.00464,28,90000.0,74000.0,142.8,130.7,110.5,,161.00000000000003,91.3,365.0,0.0,1000.0,1000.0,3.1215025605290148,22591000000.0,19047000000.0,3544000000.0,1128000000.0,1105000000.0,0.0,1311000000.0
8978416,34,8,0.0043,28,88000.0,72000.0,143.1,130.4,108.5,,162.2,92.2,357.0,0.0,1000.0,1000.0,3.3857774995595737,22591000000.0,19047000000.0,3544000000.0,1128000000.0,1105000000.0,0.0,1311000000.0
8978416,34,9,0.00414,28,66000.0,55000.0,139.2,127.4,107.1,,161.4,92.0,146.0,17.0,1000.0,1000.0,3.7903719285901207,22591000000.0,19047000000.0,3544000000.0,1128000000.0,1105000000.0,0.0,1311000000.0
8978416,34,10,0.0036799999999999997,28,67000.0,56000.0,125.7,117.0,91.0,,152.6,80.9,7.0,280.0,2000.0,2000.0,4.454636087350194,22591000000.0,19047000000.0,3544000000.0,1128000000.0,1105000000.0,0.0,1311000000.0
8978416,34,11,0.00306,28,61000.0,50000.0,126.4,116.2,97.1,,152.6,83.9,0.0,560.0,2000.0,2000.0,4.54074088238913,22591000000.0,19047000000.0,3544000000.0,1128000000.0,1105000000.0,0.0,1311000000.0
8978416,34,12,0.00312,28,44000.0,37000.0,128.1,115.8,98.7,,152.9,80.1,0.0,905.0,3000.0,3000.0,5.050123459416151,22591000000.0,19047000000.0,3544000000.0,1128000000.0,1105000000.0,0.0,1311000000.0
2085432,35,1,0.006520000000000001,29,33000.0,33000.0,90.0,94.4,58.9,,114.2,,0.0,935.0,308000.0,308000.0,3.8857524745986183,314917000000.0,314161000000.0,757000000.0,757000000.0,0.0,0.0,0.0
2085432,35,2,0.00687,29,41000.0,41000.0,85.7,92.7,53.2,,112.2,,0.0,616.0,327000.0,326000.0,3.6897533666383526,314917000000.0,314161000000.0,757000000.0,757000000.0,0.0,0.0,0.0
2085432,35,3,0.007390000000000001,29,51000.0,51000.0,86.1,92.6,58.6,,114.0,,1.0,483.0,378000.0,378000.0,4.298109441528342,314917000000.0,314161000000.0,757000000.0,757000000.0,0.0,0.0,0.0
2085432,35,4,0.008119999999999999,29,51000.0,51000.0,83.1,88.9,56.4,,112.9,,6.0,355.0,310000.0,310000.0,3.895568242325487,314917000000.0,314161000000.0,757000000.0,757000000.0,0.0,0.0,0.0
2085432,35,5,0.008409999999999999,29,56000.0,56000.0,85.3,91.5,58.5,,112.8,,36.0,78.0,338000.0,338000.0,4.442164675007118,314917000000.0,314161000000.0,757000000.0,757000000.0,0.0,0.0,0.0
2085432,35,6,0.00869,29,52000.0,52000.0,93.9,100.2,59.8,,121.6,,283.0,8.0,195000.0,195000.0,3.3544950660010584,314917000000.0,314161000000.0,757000000.0,757000000.0,0.0,0.0,0.0
2085432,35,7,0.00731,29,54000.0,54000.0,98.2,103.4,60.2,,124.5,,394.0,0.0,289000.0,289000.0,3.5678407704728623,314917000000.0,314161000000.0,757000000.0,757000000.0,0.0,0.0,0.0
2085432,35,8,0.006730000000000001,29,68000.0,68000.0,99.3,105.3,61.5,,129.6,,203.0,6.0,193000.0,193000.0,2.7928344181216387,314917000000.0,314161000000.0,757000000.0,757000000.0,0.0,0.0,0.0
2085432,35,9,0.00725,29,82000.0,82000.0,96.4,104.5,59.3,,128.5,,108.0,49.0,262000.0,262000.0,3.4739662781904914,314917000000.0,314161000000.0,757000000.0,757000000.0,0.0,0.0,0.0
2085432,35,10,0.007120000000000001,29,100000.0,100000.0,90.4,98.9,55.6,,125.7,,27.0,171.0,324000.0,324000.0,3.2845015353715934,314917000000.0,314161000000.0,757000000.0,757000000.0,0.0,0.0,0.0
2085432,35,11,0.006940000000000001,29,89000.0,89000.0,87.5,94.4,57.4,,119.8,,0.0,533.0,305000.0,305000.0,4.007085704203576,314917000000.0,314161000000.0,757000000.0,757000000.0,0.0,0.0,0.0
2085432,35,12,0.006220000000000001,29,75000.0,75000.0,92.6,97.5,60.7,,120.8,,0.0,810.0,376000.0,376000.0,3.715217085629198,314917000000.0,314161000000.0,757000000.0,757000000.0,0.0,0.0,0.0
19836286,36,1,0.00265,30,8000.0,8000.0,135.5,134.1,55.1,,165.6,121.1,0.0,1114.0,480000.0,480000.0,5.8111830190126295,141297000000.0,122057000000.0,19240000000.0,5151000000.0,2526000000.0,10324000000.0,1240000000.0
19836286,36,2,0.00314,30,7000.0,7000.0,137.1,135.7,60.8,,167.6,117.1,0.0,927.0,437000.0,437000.0,5.657018877117954,141297000000.0,122057000000.0,19240000000.0,5151000000.0,2526000000.0,10324000000.0,1240000000.0
19836286,36,3,0.0037600000000000003,30,11000.0,11000.0,136.7,135.4,59.7,,167.9,115.9,0.0,693.0,388000.0,388000.0,4.352378443512314,141297000000.0,122057000000.0,19240000000.0,5151000000.0,2526000000.0,10324000000.0,1240000000.0
19836286,36,4,0.00477,30,12000.0,12000.0,138.0,137.7,59.4,,173.8,118.0,0.0,569.0,257000.0,257000.0,4.262988059148636,141297000000.0,122057000000.0,19240000000.0,5151000000.0,2526000000.0,10324000000.0,1240000000.0
19836286,36,5,0.0046500000000000005,30,11000.0,11000.0,137.4,135.7,57.2,,177.1,114.7,13.0,29.0,236000.0,236000.0,3.390465096560055,141297000000.0,122057000000.0,19240000000.0,5151000000.0,2526000000.0,10324000000.0,1240000000.0
19836286,36,6,0.004529999999999999,30,16000.0,16000.0,149.5,151.0,67.0,,178.7,125.4,103.0,1.0,278000.0,278000.0,4.064225236778925,141297000000.0,122057000000.0,19240000000.0,5151000000.0,2526000000.0,10324000000.0,1240000000.0
19836286,36,7,0.00471,30,15000.0,15000.0,153.7,156.6,55.9,,179.3,125.5,286.0,1.0,219000.0,219000.0,3.871370876388376,141297000000.0,122057000000.0,19240000000.0,5151000000.0,2526000000.0,10324000000.0,1240000000.0
19836286,36,8,0.00449,30,15000.0,15000.0,155.1,155.6,62.8,,179.9,130.2,294.0,2.0,214000.0,214000.0,3.6922238371894944,141297000000.0,122057000000.0,19240000000.0,5151000000.0,2526000000.0,10324000000.0,1240000000.0
19836286,36,9,0.00417,30,11000.0,11000.0,156.3,157.6,61.8,,183.6,127.8,97.0,48.0,195000.0,195000.0,3.8091354820307504,141297000000.0,122057000000.0,19240000000.0,5151000000.0,2526000000.0,10324000000.0,1240000000.0
19836286,36,10,0.0029300000000000003,30,11000.0,11000.0,148.1,148.5,59.5,,182.6,118.4,4.0,333.0,327000.0,326000.0,4.8878935455235855,141297000000.0,122057000000.0,19240000000.0,5151000000.0,2526000000.0,10324000000.0,1240000000.0
19836286,36,11,0.0022199999999999998,30,10000.0,9000.0,141.3,139.9,65.9,,177.3,112.3,0.0,618.0,371000.0,371000.0,5.014682551561406,141297000000.0,122057000000.0,19240000000.0,5151000000.0,2526000000.0,10324000000.0,1240000000.0
19836286,36,12,0.00233,30,12000.0,12000.0,139.3,137.5,58.3,,171.7,119.5,0.0,997.0,538000.0,538000.0,6.4406533310650875,141297000000.0,122057000000.0,19240000000.0,5151000000.0,2526000000.0,10324000000.0,1240000000.0
10156689,37,1,0.00418,31,168000.0,162000.0,90.4,85.3,62.4,,103.1,80.60000000000002,0.0,825.0,0.0,0.0,4.3570508572846744,139391000000.0,125920000000.0,13471000000.0,10495000000.0,0.0,0.0,2976000000.0
10156689,37,2,0.0044800000000000005,31,175000.0,168000.0,91.1,86.7,60.9,,106.7,79.7,0.0,609.0,0.0,0.0,4.907719592701271,139391000000.0,125920000000.0,13471000000.0,10495000000.0,0.0,0.0,2976000000.0
10156689,37,3,0.004900000000000001,31,348000.0,334000.0,91.1,85.0,54.6,,115.4,77.4,31.0,291.0,0.0,0.0,3.5554731886502218,139391000000.0,125920000000.0,13471000000.0,10495000000.0,0.0,0.0,2976000000.0
10156689,37,4,0.005,31,300000.0,289000.0,89.8,84.6,60.7,,116.0,78.8,12.0,190.0,0.0,0.0,4.24017249997647,139391000000.0,125920000000.0,13471000000.0,10495000000.0,0.0,0.0,2976000000.0
10156689,37,5,0.00498,31,265000.0,255000.0,89.9,85.3,61.1,,112.9,80.39999999999998,99.0,65.0,0.0,0.0,3.5408066000421208,139391000000.0,125920000000.0,13471000000.0,10495000000.0,0.0,0.0,2976000000.0
10156689,37,6,0.004889999999999999,31,320000.0,308000.0,92.6,86.0,65.1,,110.2,76.0,324.0,1.0,0.0,0.0,3.670694298613812,139391000000.0,125920000000.0,13471000000.0,10495000000.0,0.0,0.0,2976000000.0
10156689,37,7,0.00454,31,336000.0,324000.0,95.9,89.5,71.1,,110.7,77.6,481.0,0.0,0.0,0.0,3.1433189067097542,139391000000.0,125920000000.0,13471000000.0,10495000000.0,0.0,0.0,2976000000.0
10156689,37,8,0.00443,31,448000.0,432000.0,95.8,88.5,68.1,,112.4,77.4,454.0,0.0,0.0,0.0,3.2431662369843197,139391000000.0,125920000000.0,13471000000.0,10495000000.0,0.0,0.0,2976000000.0
10156689,37,9,0.00412,31,328000.0,316000.0,94.8,87.2,67.7,,113.1,75.2,291.0,2.0,0.0,0.0,3.8129983632362734,139391000000.0,125920000000.0,13471000000.0,10495000000.0,0.0,0.0,2976000000.0
10156689,37,10,0.00427,31,254000.0,245000.0,92.7,87.8,63.2,,116.3,77.7,66.0,123.0,0.0,0.0,4.494348379310212,139391000000.0,125920000000.0,13471000000.0,10495000000.0,0.0,0.0,2976000000.0
10156689,37,11,0.004059999999999999,31,182000.0,176000.0,88.8,83.4,59.4,,111.1,84.4,1.0,396.0,0.0,0.0,3.7324454580341984,139391000000.0,125920000000.0,13471000000.0,10495000000.0,0.0,0.0,2976000000.0
10156689,37,12,0.00379,31,298000.0,288000.0,87.7,83.0,61.0,,102.0,88.8,1.0,656.0,6000.0,6000.0,4.097086408590324,139391000000.0,125920000000.0,13471000000.0,10495000000.0,0.0,0.0,2976000000.0
755548,38,1,0.00193,32,0.0,0.0,81.89999999999998,84.7,76.2,,85.2,,0.0,1587.0,561000.0,561000.0,5.200544184697128,183108000000.0,178711000000.0,4397000000.0,4397000000.0,0.0,0.0,0.0
755548,38,2,0.00275,32,0.0,0.0,87.0,89.7,79.6,,93.4,,1.0,131.0,549000.0,549000.0,5.017346359563675,183108000000.0,178711000000.0,4397000000.0,4397000000.0,0.0,0.0,0.0
755548,38,3,0.00392,32,0.0,0.0,86.8,89.4,77.4,,97.4,,0.0,896.0,723000.0,723000.0,4.6247613589732905,183108000000.0,178711000000.0,4397000000.0,4397000000.0,0.0,0.0,0.0
755548,38,4,0.0057799999999999995,32,0.0,0.0,85.3,93.1,67.6,,104.5,,0.0,701.0,811000.0,811000.0,5.968117402464013,183108000000.0,178711000000.0,4397000000.0,4397000000.0,0.0,0.0,0.0
755548,38,5,0.00557,32,0.0,0.0,90.9,91.5,81.1,,109.9,,29.0,79.0,635000.0,635000.0,4.650288594022529,183108000000.0,178711000000.0,4397000000.0,4397000000.0,0.0,0.0,0.0
755548,38,6,0.005679999999999999,32,0.0,0.0,92.7,92.7,82.5,,112.9,,115.0,5.0,640000.0,640000.0,4.649418010223814,183108000000.0,178711000000.0,4397000000.0,4397000000.0,0.0,0.0,0.0
755548,38,7,0.007030000000000001,32,0.0,0.0,92.2,93.4,80.7,,111.7,,172.0,8.0,506000.0,506000.0,4.390316974385613,183108000000.0,178711000000.0,4397000000.0,4397000000.0,0.0,0.0,0.0
755548,38,8,0.00605,32,0.0,0.0,95.0,95.9,83.7,,112.9,,140.0,0.0,522000.0,522000.0,4.4821724174602044,183108000000.0,178711000000.0,4397000000.0,4397000000.0,0.0,0.0,0.0
755548,38,9,0.00505,32,0.0,0.0,95.2,97.9,82.8,,117.8,,29.0,12.0,676000.0,676000.0,5.498156095813223,183108000000.0,178711000000.0,4397000000.0,4397000000.0,0.0,0.0,0.0
755548,38,10,0.00373,32,0.0,0.0,91.7,92.9,82.1,,108.0,,0.0,581.0,731000.0,731000.0,5.5147369734444585,183108000000.0,178711000000.0,4397000000.0,4397000000.0,0.0,0.0,0.0
755548,38,11,0.00282,32,0.0,0.0,90.1,91.0,81.7,,102.6,,0.0,770.0,800000.0,800000.0,5.403477252003764,183108000000.0,178711000000.0,4397000000.0,4397000000.0,0.0,0.0,0.0
755548,38,12,0.00209,32,0.0,0.0,87.0,87.8,82.1,,91.4,,0.0,688.0,1019000.0,1019000.0,7.260465757286061,183108000000.0,178711000000.0,4397000000.0,4397000000.0,0.0,0.0,0.0
11622554,39,1,0.00236,33,2000.0,2000.0,98.6,97.4,69.6,,122.2,74.0,0.0,1171.0,162000.0,155000.0,5.935875452270657,116098000000.0,105829000000.0,10269000000.0,1227000000.0,0.0,9042000000.0,0.0
11622554,39,2,0.0029100000000000003,33,5000.0,5000.0,98.3,99.8,69.5,,122.3,73.3,0.0,887.0,140000.0,134000.0,5.6751436032299925,116098000000.0,105829000000.0,10269000000.0,1227000000.0,0.0,9042000000.0,0.0
11622554,39,3,0.0036299999999999995,33,4000.0,4000.0,97.8,99.6,69.5,,126.6,76.2,5.0,589.0,127000.0,121000.0,4.986518003436903,116098000000.0,105829000000.0,10269000000.0,1227000000.0,0.0,9042000000.0,0.0
11622554,39,4,0.00419,33,5000.0,4000.0,97.7,100.3,69.2,,129.3,97.0,0.0,462.0,113000.0,108000.0,4.915735985527582,116098000000.0,105829000000.0,10269000000.0,1227000000.0,0.0,9042000000.0,0.0
11622554,39,5,0.00427,33,6000.0,6000.0,98.4,100.0,70.0,,131.9,77.6,39.0,8.0,87000.0,84000.0,3.441009193085522,116098000000.0,105829000000.0,10269000000.0,1227000000.0,0.0,9042000000.0,0.0
11622554,39,6,0.004690000000000001,33,6000.0,6000.0,98.9,99.3,69.5,,126.6,81.30000000000003,195.0,4.0,74000.0,71000.0,3.8062288121876153,116098000000.0,105829000000.0,10269000000.0,1227000000.0,0.0,9042000000.0,0.0
11622554,39,7,0.00477,33,7000.0,7000.0,100.1,97.4,71.4,,124.5,81.4,299.0,0.0,48000.0,46000.0,3.1977784813499177,116098000000.0,105829000000.0,10269000000.0,1227000000.0,0.0,9042000000.0,0.0
11622554,39,8,0.00451,33,7000.0,7000.0,100.3,99.1,70.6,,124.0,78.9,337.0,0.0,40000.0,38000.0,3.4679466638325334,116098000000.0,105829000000.0,10269000000.0,1227000000.0,0.0,9042000000.0,0.0
11622554,39,9,0.00436,33,7000.0,6000.0,97.7,101.2,69.5,,121.3,81.19999999999997,148.0,29.0,57000.0,54000.0,3.5907220536431392,116098000000.0,105829000000.0,10269000000.0,1227000000.0,0.0,9042000000.0,0.0
11622554,39,10,0.0032700000000000003,33,6000.0,5000.0,96.4,102.2,69.3,,125.2,81.8,19.0,250.0,98000.0,94000.0,4.432682835663002,116098000000.0,105829000000.0,10269000000.0,1227000000.0,0.0,9042000000.0,0.0
11622554,39,11,0.00244,33,5000.0,5000.0,96.6,101.4,68.8,,124.2,79.9,0.0,575.0,123000.0,117000.0,4.945206385508318,116098000000.0,105829000000.0,10269000000.0,1227000000.0,0.0,9042000000.0,0.0
11622554,39,12,0.00212,33,4000.0,4000.0,99.4,99.9,70.1,,122.8,76.8,0.0,58.0,177000.0,169000.0,5.4249387142122325,116098000000.0,105829000000.0,10269000000.0,1227000000.0,0.0,9042000000.0,0.0
3921207,40,1,0.00441,34,0.0,0.0,69.3,70.3,46.9,,84.0,,0.0,837.0,1423000.0,1423000.0,4.580887839237954,181037000000.0,177660000000.0,3377000000.0,3377000000.0,0.0,0.0,0.0
3921207,40,2,0.00466,34,0.0,0.0,73.6,71.8,46.5,,97.9,,8.0,497.0,1763000.0,1763000.0,4.992433612680782,181037000000.0,177660000000.0,3377000000.0,3377000000.0,0.0,0.0,0.0
3921207,40,3,0.0047,34,1000.0,1000.0,72.8,69.2,46.1,,103.9,,27.0,337.0,1990000.0,1990000.0,5.259145923128573,181037000000.0,177660000000.0,3377000000.0,3377000000.0,0.0,0.0,0.0
3921207,40,4,0.0054800000000000005,34,1000.0,1000.0,73.9,70.5,46.0,,110.8,,47.0,142.0,1728000.0,1728000.0,4.856904155167416,181037000000.0,177660000000.0,3377000000.0,3377000000.0,0.0,0.0,0.0
3921207,40,5,0.0054,34,1000.0,1000.0,76.3,74.0,48.4,,108.7,,103.0,61.0,1701000.0,1701000.0,4.753576740341579,181037000000.0,177660000000.0,3377000000.0,3377000000.0,0.0,0.0,0.0
3921207,40,6,0.006030000000000001,34,1000.0,1000.0,81.1,79.8,53.5,,101.1,,437.0,0.0,1380000.0,1380000.0,4.088357541890348,181037000000.0,177660000000.0,3377000000.0,3377000000.0,0.0,0.0,0.0
3921207,40,7,0.0068200000000000005,34,1000.0,1000.0,83.6,82.1,53.5,,101.1,,565.0,0.0,1725000.0,1725000.0,5.255949960442225,181037000000.0,177660000000.0,3377000000.0,3377000000.0,0.0,0.0,0.0
3921207,40,8,0.00621,34,0.0,0.0,85.8,83.6,53.6,,106.5,,509.0,0.0,1234000.0,1234000.0,4.263314489255616,181037000000.0,177660000000.0,3377000000.0,3377000000.0,0.0,0.0,0.0
3921207,40,9,0.00563,34,0.0,0.0,86.9,84.9,53.9,,112.7,,329.0,9.0,1506000.0,1506000.0,4.348081483783152,181037000000.0,177660000000.0,3377000000.0,3377000000.0,0.0,0.0,0.0
3921207,40,10,0.00484,34,0.0,0.0,82.6,81.19999999999997,52.0,,111.8,,135.0,58.0,2062000.0,2062000.0,5.513986521141968,181037000000.0,177660000000.0,3377000000.0,3377000000.0,0.0,0.0,0.0
3921207,40,11,0.004520000000000001,34,0.0,0.0,70.1,70.1,48.0,,95.4,,15.0,288.0,1719000.0,1719000.0,5.092774937338613,181037000000.0,177660000000.0,3377000000.0,3377000000.0,0.0,0.0,0.0
3921207,40,12,0.0043100000000000005,34,0.0,0.0,75.4,74.5,52.3,,93.7,,0.0,807.0,1838000.0,1838000.0,5.055887774716983,181037000000.0,177660000000.0,3377000000.0,3377000000.0,0.0,0.0,0.0
4085989,41,1,0.0026899999999999997,35,1000.0,1000.0,87.8,86.7,57.6,,102.3,91.5,0.0,783.0,310000.0,310000.0,4.679241023371588,254799000000.0,248608000000.0,6191000000.0,2766000000.0,186000000.0,0.0,3240000000.0
4085989,41,2,0.00351,35,2000.0,2000.0,88.0,89.2,58.8,,103.9,92.1,0.0,551.0,375000.0,375000.0,3.885394614861105,254799000000.0,248608000000.0,6191000000.0,2766000000.0,186000000.0,0.0,3240000000.0
4085989,41,3,0.004229999999999999,35,2000.0,2000.0,87.8,89.2,57.7,,104.7,92.1,0.0,612.0,597000.0,597000.0,4.146728548671632,254799000000.0,248608000000.0,6191000000.0,2766000000.0,186000000.0,0.0,3240000000.0
4085989,41,4,0.00514,35,3000.0,3000.0,86.5,89.0,57.8,,105.7,93.1,0.0,353.0,777000.0,777000.0,3.1913853993540804,254799000000.0,248608000000.0,6191000000.0,2766000000.0,186000000.0,0.0,3240000000.0
4085989,41,5,0.0059900000000000005,35,4000.0,4000.0,87.5,89.7,59.2,,108.4,93.4,6.0,74.0,863000.0,863000.0,3.2268638236369536,254799000000.0,248608000000.0,6191000000.0,2766000000.0,186000000.0,0.0,3240000000.0
4085989,41,6,0.00731,35,3000.0,3000.0,87.4,88.3,62.2,,108.2,93.1,24.0,0.0,793000.0,793000.0,2.6127878327451532,254799000000.0,248608000000.0,6191000000.0,2766000000.0,186000000.0,0.0,3240000000.0
4085989,41,7,0.00864,35,4000.0,4000.0,88.0,88.6,64.0,,108.2,91.7,61.0,3.0,830000.0,830000.0,2.8999712153381974,254799000000.0,248608000000.0,6191000000.0,2766000000.0,186000000.0,0.0,3240000000.0
4085989,41,8,0.00793,35,4000.0,4000.0,88.8,89.1,63.6,,109.0,92.7,118.0,8.0,644000.0,644000.0,2.5547634790194236,254799000000.0,248608000000.0,6191000000.0,2766000000.0,186000000.0,0.0,3240000000.0
4085989,41,9,0.0069700000000000005,35,5000.0,5000.0,88.1,89.6,61.6,,109.6,92.8,14.0,77.0,616000.0,616000.0,2.656844926166825,254799000000.0,248608000000.0,6191000000.0,2766000000.0,186000000.0,0.0,3240000000.0
4085989,41,10,0.00491,35,4000.0,4000.0,89.4,90.5,62.0,,109.8,93.4,0.0,421.0,425000.0,425000.0,3.961939873354668,254799000000.0,248608000000.0,6191000000.0,2766000000.0,186000000.0,0.0,3240000000.0
4085989,41,11,0.00279,35,5000.0,5000.0,89.5,89.8,62.3,,107.6,93.4,0.0,516.0,439000.0,439000.0,4.271031490204353,254799000000.0,248608000000.0,6191000000.0,2766000000.0,186000000.0,0.0,3240000000.0
4085989,41,12,0.00244,35,4000.0,4000.0,90.5,89.4,57.9,,106.2,92.1,0.0,963.0,490000.0,490000.0,4.324735090012478,254799000000.0,248608000000.0,6191000000.0,2766000000.0,186000000.0,0.0,3240000000.0
12787085,42,1,0.00278,36,5000.0,4000.0,104.1,94.1,70.0,,137.1,76.4,0.0,1170.0,412000.0,412000.0,4.929908995462299,119280000000.0,115883000000.0,3397000000.0,1459000000.0,0.0,1938000000.0,0.0
12787085,42,2,0.00323,36,4000.0,3000.0,105.4,95.3,70.7,,138.7,82.6,0.0,913.0,387000.0,387000.0,5.001793595233066,119280000000.0,115883000000.0,3397000000.0,1459000000.0,0.0,1938000000.0,0.0
12787085,42,3,0.00384,36,7000.0,6000.0,102.3,94.2,69.8,,138.0,83.8,0.0,618.0,355000.0,355000.0,3.570206031630017,119280000000.0,115883000000.0,3397000000.0,1459000000.0,0.0,1938000000.0,0.0
12787085,42,4,0.00424,36,7000.0,6000.0,101.5,94.8,69.0,,140.7,77.5,0.0,486.0,274000.0,274000.0,3.836232716993293,119280000000.0,115883000000.0,3397000000.0,1459000000.0,0.0,1938000000.0,0.0
12787085,42,5,0.004200000000000001,36,7000.0,5000.0,99.9,93.1,68.7,,142.0,74.8,21.0,14.0,184000.0,184000.0,2.9936222411775,119280000000.0,115883000000.0,3397000000.0,1459000000.0,0.0,1938000000.0,0.0
12787085,42,6,0.004220000000000001,36,9000.0,7000.0,99.7,90.9,68.3,,138.1,73.2,144.0,9.0,215000.0,215000.0,3.6807957226253634,119280000000.0,115883000000.0,3397000000.0,1459000000.0,0.0,1938000000.0,0.0
12787085,42,7,0.00434,36,8000.0,7000.0,101.3,90.2,68.6,,136.0,74.4,309.0,1.0,155000.0,155000.0,2.87724013852017,119280000000.0,115883000000.0,3397000000.0,1459000000.0,0.0,1938000000.0,0.0
12787085,42,8,0.0041,36,8000.0,6000.0,103.2,90.6,70.8,,136.5,75.5,308.0,1.0,149000.0,149000.0,3.167215735332172,119280000000.0,115883000000.0,3397000000.0,1459000000.0,0.0,1938000000.0,0.0
12787085,42,9,0.00387,36,6000.0,5000.0,102.1,90.3,69.9,,139.6,76.3,118.0,36.0,179000.0,179000.0,3.2168657144596144,119280000000.0,115883000000.0,3397000000.0,1459000000.0,0.0,1938000000.0,0.0
12787085,42,10,0.0031100000000000004,36,6000.0,5000.0,100.0,92.2,68.6,,143.2,75.3,7.0,315.0,338000.0,338000.0,3.91617203228232,119280000000.0,115883000000.0,3397000000.0,1459000000.0,0.0,1938000000.0,0.0
12787085,42,11,0.00244,36,5000.0,4000.0,100.6,91.5,68.0,,141.4,72.7,0.0,629.0,370000.0,370000.0,4.280026591990671,119280000000.0,115883000000.0,3397000000.0,1459000000.0,0.0,1938000000.0,0.0
12787085,42,12,0.00252,36,4000.0,3000.0,101.5,90.1,68.1,,136.6,75.2,0.0,989.0,458000.0,458000.0,5.040449329647734,119280000000.0,115883000000.0,3397000000.0,1459000000.0,0.0,1938000000.0,0.0
4959822,45,1,0.0042899999999999995,38,0.0,0.0,95.2,100.0,59.4,,118.7,,5.0,694.0,0.0,0.0,3.6032651016742623,82933000000.0,77857000000.0,5076000000.0,2755000000.0,286000000.0,0.0,2036000000.0
4959822,45,2,0.00461,38,0.0,0.0,95.2,102.3,57.5,,120.9,,2.0,490.0,0.0,0.0,4.349149745399125,82933000000.0,77857000000.0,5076000000.0,2755000000.0,286000000.0,0.0,2036000000.0
4959822,45,3,0.005030000000000001,38,0.0,0.0,94.6,100.4,55.1,,130.7,,59.0,206.0,0.0,0.0,3.0506044853577934,82933000000.0,77857000000.0,5076000000.0,2755000000.0,286000000.0,0.0,2036000000.0
4959822,45,4,0.005370000000000001,38,0.0,0.0,92.4,99.2,58.5,,130.0,,40.0,102.0,0.0,0.0,3.421524924923541,82933000000.0,77857000000.0,5076000000.0,2755000000.0,286000000.0,0.0,2036000000.0
4959822,45,5,0.00536,38,0.0,0.0,93.2,99.9,58.2,,127.4,,174.0,22.0,0.0,0.0,3.271005120854084,82933000000.0,77857000000.0,5076000000.0,2755000000.0,286000000.0,0.0,2036000000.0
4959822,45,6,0.005059999999999999,38,0.0,0.0,102.7,107.2,64.9,,128.8,,440.0,0.0,0.0,0.0,2.3911979263756296,82933000000.0,77857000000.0,5076000000.0,2755000000.0,286000000.0,0.0,2036000000.0
4959822,45,7,0.00475,38,0.0,0.0,104.5,105.9,67.5,,127.8,,578.0,0.0,0.0,0.0,2.071056323354311,82933000000.0,77857000000.0,5076000000.0,2755000000.0,286000000.0,0.0,2036000000.0
4959822,45,8,0.0044800000000000005,38,0.0,0.0,103.4,104.9,64.4,,129.8,,522.0,0.0,0.0,0.0,2.3589064733355123,82933000000.0,77857000000.0,5076000000.0,2755000000.0,286000000.0,0.0,2036000000.0
4959822,45,9,0.00425,38,0.0,0.0,102.4,104.7,65.6,,129.8,,363.0,0.0,0.0,0.0,2.5411088635106776,82933000000.0,77857000000.0,5076000000.0,2755000000.0,286000000.0,0.0,2036000000.0
4959822,45,10,0.00434,38,0.0,0.0,94.1,99.4,60.7,,126.4,,109.0,69.0,0.0,0.0,3.1422126876635272,82933000000.0,77857000000.0,5076000000.0,2755000000.0,286000000.0,0.0,2036000000.0
4959822,45,11,0.0042899999999999995,38,0.0,0.0,93.2,102.4,56.3,,127.5,,11.0,297.0,0.0,0.0,3.1989492085441538,82933000000.0,77857000000.0,5076000000.0,2755000000.0,286000000.0,0.0,2036000000.0
4959822,45,12,0.0039900000000000005,38,1000.0,1000.0,97.3,104.0,61.8,,122.1,,6.0,513.0,0.0,0.0,3.8877229901931365,82933000000.0,77857000000.0,5076000000.0,2755000000.0,286000000.0,0.0,2036000000.0
861542,46,1,0.003,39,0.0,0.0,93.0,90.9,73.5,,103.1,,0.0,1398.0,274000.0,274000.0,5.130448603247343,199729000000.0,196350000000.0,3379000000.0,3379000000.0,0.0,0.0,0.0
861542,46,2,0.00366,39,0.0,0.0,93.3,92.0,72.5,,104.7,,1.0,975.0,299000.0,299000.0,5.3636439526145745,199729000000.0,196350000000.0,3379000000.0,3379000000.0,0.0,0.0,0.0
861542,46,3,0.00442,39,0.0,0.0,96.1,93.6,76.2,,110.1,,1.0,781.0,338000.0,338000.0,4.829733644989563,199729000000.0,196350000000.0,3379000000.0,3379000000.0,0.0,0.0,0.0
861542,46,4,0.00545,39,0.0,0.0,96.9,94.4,74.2,,114.5,,0.0,557.0,383000.0,383000.0,5.620965919131644,199729000000.0,196350000000.0,3379000000.0,3379000000.0,0.0,0.0,0.0
861542,46,5,0.00575,39,0.0,0.0,99.9,97.1,75.4,,121.6,,30.0,84.0,280000.0,280000.0,4.740354724799698,199729000000.0,196350000000.0,3379000000.0,3379000000.0,0.0,0.0,0.0
861542,46,6,0.00619,39,0.0,0.0,101.1,97.2,77.8,,120.1,,213.0,6.0,288000.0,288000.0,4.639528244990752,199729000000.0,196350000000.0,3379000000.0,3379000000.0,0.0,0.0,0.0
861542,46,7,0.0071400000000000005,39,0.0,0.0,103.1,99.3,79.2,,122.3,,256.0,1.0,235000.0,235000.0,4.56802494814496,199729000000.0,196350000000.0,3379000000.0,3379000000.0,0.0,0.0,0.0
861542,46,8,0.006379999999999999,39,0.0,0.0,100.3,97.1,75.8,,119.8,,202.0,8.0,222000.0,222000.0,4.490570175836592,199729000000.0,196350000000.0,3379000000.0,3379000000.0,0.0,0.0,0.0
861542,46,9,0.0056500000000000005,39,0.0,0.0,102.9,100.2,77.6,,125.4,,70.0,44.0,305000.0,305000.0,5.287742006353176,199729000000.0,196350000000.0,3379000000.0,3379000000.0,0.0,0.0,0.0
861542,46,10,0.004220000000000001,39,0.0,0.0,100.2,97.7,76.6,,121.7,,3.0,423.0,334000.0,334000.0,5.014273195796592,199729000000.0,196350000000.0,3379000000.0,3379000000.0,0.0,0.0,0.0
861542,46,11,0.0034100000000000003,39,0.0,0.0,98.5,96.4,74.5,,117.4,,0.0,687.0,342000.0,342000.0,5.448634462706413,199729000000.0,196350000000.0,3379000000.0,3379000000.0,0.0,0.0,0.0
861542,46,12,0.0029,39,0.0,0.0,95.9,94.0,74.2,,107.4,,0.0,486.0,414000.0,414000.0,6.645772204004931,199729000000.0,196350000000.0,3379000000.0,3379000000.0,0.0,0.0,0.0
6649404,47,1,0.0032700000000000003,40,3000.0,3000.0,89.9,98.6,55.6,,99.8,,0.0,933.0,4000.0,4000.0,4.738050107725039,109153000000.0,106798000000.0,2355000000.0,2355000000.0,0.0,0.0,0.0
6649404,47,2,0.00366,40,6000.0,6000.0,88.3,98.3,53.5,,96.9,,0.0,631.0,4000.0,4000.0,4.8802302887328155,109153000000.0,106798000000.0,2355000000.0,2355000000.0,0.0,0.0,0.0
6649404,47,3,0.00412,40,5000.0,5000.0,88.5,98.6,53.3,,101.0,,24.0,368.0,6000.0,6000.0,4.623290751510137,109153000000.0,106798000000.0,2355000000.0,2355000000.0,0.0,0.0,0.0
6649404,47,4,0.0046,40,6000.0,6000.0,87.4,97.6,52.7,,103.0,,23.0,185.0,4000.0,4000.0,4.150323694085846,109153000000.0,106798000000.0,2355000000.0,2355000000.0,0.0,0.0,0.0
6649404,47,5,0.00457,40,8000.0,7000.0,86.4,96.6,51.3,,103.3,,96.0,86.0,3000.0,3000.0,3.8805554435869754,109153000000.0,106798000000.0,2355000000.0,2355000000.0,0.0,0.0,0.0
6649404,47,6,0.0049700000000000005,40,7000.0,7000.0,92.6,102.7,56.9,,104.5,,346.0,0.0,1000.0,1000.0,2.857776021017588,109153000000.0,106798000000.0,2355000000.0,2355000000.0,0.0,0.0,0.0
6649404,47,7,0.00451,40,9000.0,8000.0,95.5,104.5,60.3,,105.2,,461.0,0.0,2000.0,2000.0,2.688694368914137,109153000000.0,106798000000.0,2355000000.0,2355000000.0,0.0,0.0,0.0
6649404,47,8,0.004860000000000001,40,8000.0,8000.0,96.1,104.7,60.8,,106.1,,436.0,0.0,1000.0,1000.0,2.8270499937119538,109153000000.0,106798000000.0,2355000000.0,2355000000.0,0.0,0.0,0.0
6649404,47,9,0.00442,40,8000.0,8000.0,96.3,105.6,60.0,,106.4,,283.0,5.0,1000.0,1000.0,2.8043057954772506,109153000000.0,106798000000.0,2355000000.0,2355000000.0,0.0,0.0,0.0
6649404,47,10,0.004070000000000001,40,7000.0,7000.0,93.2,103.0,58.4,,107.1,,92.0,107.0,3000.0,3000.0,3.695642941982642,109153000000.0,106798000000.0,2355000000.0,2355000000.0,0.0,0.0,0.0
6649404,47,11,0.00361,40,6000.0,6000.0,93.9,104.1,57.8,,110.5,,5.0,375.0,3000.0,3000.0,3.9028044509094038,109153000000.0,106798000000.0,2355000000.0,2355000000.0,0.0,0.0,0.0
6649404,47,12,0.00302,40,5000.0,5000.0,95.9,106.3,59.9,,107.4,,0.0,747.0,4000.0,4000.0,4.6262067322668425,109153000000.0,106798000000.0,2355000000.0,2355000000.0,0.0,0.0,0.0
27904862,48,1,0.00475,41,44000.0,44000.0,83.8,83.2,52.5,,108.8,79.9,10.0,513.0,4451000.0,4447000.0,4.117158333277452,695662000000.0,676587000000.0,19075000000.0,14546000000.0,1040000000.0,0.0,3489000000.0
27904862,48,2,0.0050100000000000006,41,54000.0,54000.0,83.6,84.0,52.1,,109.9,80.39999999999998,31.0,265.0,5120000.0,5116000.0,4.334423894165827,695662000000.0,676587000000.0,19075000000.0,14546000000.0,1040000000.0,0.0,3489000000.0
27904862,48,3,0.00517,41,51000.0,51000.0,82.3,83.8,52.3,,111.9,81.1,98.0,149.0,5635000.0,5631000.0,4.896712740882873,695662000000.0,676587000000.0,19075000000.0,14546000000.0,1040000000.0,0.0,3489000000.0
27904862,48,4,0.00579,41,53000.0,52000.0,81.30000000000003,82.2,51.2,,112.6,80.60000000000002,139.0,47.0,4737000.0,4733000.0,4.595473891818086,695662000000.0,676587000000.0,19075000000.0,14546000000.0,1040000000.0,0.0,3489000000.0
27904862,48,5,0.00577,41,49000.0,49000.0,82.6,82.6,52.1,,111.0,80.0,265.0,9.0,5173000.0,5169000.0,4.989145794486256,695662000000.0,676587000000.0,19075000000.0,14546000000.0,1040000000.0,0.0,3489000000.0
27904862,48,6,0.006370000000000001,41,65000.0,65000.0,85.4,83.0,54.0,,109.5,77.9,486.0,0.0,3782000.0,3778000.0,4.44142667736798,695662000000.0,676587000000.0,19075000000.0,14546000000.0,1040000000.0,0.0,3489000000.0
27904862,48,7,0.006529999999999999,41,71000.0,71000.0,86.5,81.30000000000003,54.7,,108.3,77.4,645.0,0.0,5675000.0,5670000.0,5.941618017174214,695662000000.0,676587000000.0,19075000000.0,14546000000.0,1040000000.0,0.0,3489000000.0
27904862,48,8,0.00613,41,58000.0,58000.0,86.5,81.19999999999997,54.5,,109.1,76.4,563.0,0.0,3702000.0,3699000.0,4.4944788300430165,695662000000.0,676587000000.0,19075000000.0,14546000000.0,1040000000.0,0.0,3489000000.0
27904862,48,9,0.005690000000000001,41,78000.0,78000.0,87.0,82.3,55.2,,111.1,76.5,449.0,0.0,3915000.0,3912000.0,4.153525758536636,695662000000.0,676587000000.0,19075000000.0,14546000000.0,1040000000.0,0.0,3489000000.0
27904862,48,10,0.005220000000000001,41,78000.0,78000.0,84.2,83.5,53.4,,110.2,78.5,258.0,13.0,5451000.0,5447000.0,4.67393521188794,695662000000.0,676587000000.0,19075000000.0,14546000000.0,1040000000.0,0.0,3489000000.0
27904862,48,11,0.00498,41,65000.0,65000.0,82.5,82.3,53.8,,111.0,80.50000000000001,97.0,123.0,4516000.0,4513000.0,4.243602059116596,695662000000.0,676587000000.0,19075000000.0,14546000000.0,1040000000.0,0.0,3489000000.0
27904862,48,12,0.00464,41,66000.0,66000.0,82.3,82.1,53.1,,108.5,82.4,19.0,387.0,5373000.0,5368000.0,4.5750387367534175,695662000000.0,676587000000.0,19075000000.0,14546000000.0,1040000000.0,0.0,3489000000.0
3044321,49,1,0.00451,42,15000.0,15000.0,81.7,81.19999999999997,57.6,,105.1,99.6,0.0,1219.0,38000.0,38000.0,3.367868752670608,219882000000.0,212818000000.0,7064000000.0,7064000000.0,0.0,0.0,0.0
3044321,49,2,0.004860000000000001,42,23000.0,23000.0,82.2,82.2,60.4,,105.6,100.5,0.0,918.0,26000.0,26000.0,3.2178317569628034,219882000000.0,212818000000.0,7064000000.0,7064000000.0,0.0,0.0,0.0
3044321,49,3,0.006370000000000001,42,27000.0,27000.0,82.0,81.8,60.6,,106.1,101.4,0.0,775.0,84000.0,84000.0,3.754892995974482,219882000000.0,212818000000.0,7064000000.0,7064000000.0,0.0,0.0,0.0
3044321,49,4,0.00688,42,27000.0,27000.0,82.4,84.1,60.0,,106.4,99.6,1.0,555.0,48000.0,48000.0,3.4938708089507324,219882000000.0,212818000000.0,7064000000.0,7064000000.0,0.0,0.0,0.0
3044321,49,5,0.00787,42,51000.0,51000.0,86.5,92.3,61.9,,109.1,99.5,9.0,5.0,65000.0,65000.0,3.3694201282947587,219882000000.0,212818000000.0,7064000000.0,7064000000.0,0.0,0.0,0.0
3044321,49,6,0.00893,42,90000.0,90000.0,96.5,96.9,74.6,,114.3,99.0,154.0,7.0,82000.0,82000.0,3.3763383995525524,219882000000.0,212818000000.0,7064000000.0,7064000000.0,0.0,0.0,0.0
3044321,49,7,0.008369999999999999,42,149000.0,149000.0,94.6,90.4,70.7,,116.4,98.9,224.0,1.0,85000.0,85000.0,3.4785700473709404,219882000000.0,212818000000.0,7064000000.0,7064000000.0,0.0,0.0,0.0
3044321,49,8,0.00761,42,160000.0,160000.0,94.6,90.9,68.9,,118.1,98.3,156.0,0.0,67000.0,67000.0,2.8002874724590674,219882000000.0,212818000000.0,7064000000.0,7064000000.0,0.0,0.0,0.0
3044321,49,9,0.00765,42,158000.0,158000.0,92.3,94.5,69.0,,112.0,98.0,32.0,4.0,77000.0,77000.0,3.509676751243852,219882000000.0,212818000000.0,7064000000.0,7064000000.0,0.0,0.0,0.0
3044321,49,10,0.0066500000000000005,42,127000.0,127000.0,84.8,88.5,62.2,,106.3,99.0,4.0,440.0,89000.0,89000.0,4.177150693139549,219882000000.0,212818000000.0,7064000000.0,7064000000.0,0.0,0.0,0.0
3044321,49,11,0.00539,42,115000.0,115000.0,81.5,84.5,56.0,,106.7,99.4,0.0,726.0,60000.0,60000.0,3.6456460844011223,219882000000.0,212818000000.0,7064000000.0,7064000000.0,0.0,0.0,0.0
3044321,49,12,0.00435,42,110000.0,110000.0,81.4,80.39999999999998,56.4,,106.5,79.7,0.0,224.0,100000.0,100000.0,3.879129853420312,219882000000.0,212818000000.0,7064000000.0,7064000000.0,0.0,0.0,0.0
623354,50,1,0.0029500000000000004,43,2000.0,2000.0,143.4,142.9,104.8,,166.5,,0.0,1340.0,31000.0,31000.0,3.817147087197848,24906000000.0,23871000000.0,1035000000.0,1035000000.0,0.0,0.0,0.0
623354,50,2,0.00322,43,4000.0,4000.0,142.0,143.8,100.7,,169.3,,0.0,132.0,31000.0,31000.0,3.78714936445044,24906000000.0,23871000000.0,1035000000.0,1035000000.0,0.0,0.0,0.0
623354,50,3,0.0037,43,4000.0,4000.0,144.7,144.3,104.2,,171.4,,0.0,942.0,26000.0,26000.0,2.881935309257716,24906000000.0,23871000000.0,1035000000.0,1035000000.0,0.0,0.0,0.0
623354,50,4,0.00477,43,4000.0,4000.0,143.7,145.3,98.0,,175.4,,0.0,778.0,23000.0,23000.0,3.1773845767165443,24906000000.0,23871000000.0,1035000000.0,1035000000.0,0.0,0.0,0.0
623354,50,5,0.00449,43,6000.0,6000.0,144.0,148.6,99.1,,178.2,,5.0,33.0,24000.0,24000.0,2.8001502338776474,24906000000.0,23871000000.0,1035000000.0,1035000000.0,0.0,0.0,0.0
623354,50,6,0.00441,43,6000.0,6000.0,145.8,146.3,104.2,,176.0,,27.0,4.0,26000.0,26000.0,3.1873645891851785,24906000000.0,23871000000.0,1035000000.0,1035000000.0,0.0,0.0,0.0
623354,50,7,0.00458,43,6000.0,6000.0,146.0,146.6,104.7,,173.3,,118.0,2.0,20000.0,20000.0,3.0717225423555914,24906000000.0,23871000000.0,1035000000.0,1035000000.0,0.0,0.0,0.0
623354,50,8,0.00451,43,6000.0,6000.0,142.8,140.3,101.6,,173.1,,125.0,8.0,20000.0,20000.0,2.704727100920559,24906000000.0,23871000000.0,1035000000.0,1035000000.0,0.0,0.0,0.0
623354,50,9,0.00421,43,6000.0,6000.0,146.9,147.3,105.7,,175.8,,19.0,54.0,18000.0,18000.0,2.6254534071285622,24906000000.0,23871000000.0,1035000000.0,1035000000.0,0.0,0.0,0.0
623354,50,10,0.00284,43,5000.0,5000.0,145.8,148.6,101.6,,178.2,,0.0,520.0,25000.0,25000.0,3.4710023501474696,24906000000.0,23871000000.0,1035000000.0,1035000000.0,0.0,0.0,0.0
623354,50,11,0.00225,43,5000.0,5000.0,146.8,148.2,100.8,,178.8,,0.0,832.0,20000.0,20000.0,3.3001257292834074,24906000000.0,23871000000.0,1035000000.0,1035000000.0,0.0,0.0,0.0
623354,50,12,0.00246,43,4000.0,4000.0,144.1,143.7,101.8,,172.6,,0.0,246.0,27000.0,27000.0,3.6061240500413887,24906000000.0,23871000000.0,1035000000.0,1035000000.0,0.0,0.0,0.0
8414380,51,1,0.0038299999999999996,44,0.0,0.0,90.3,81.6,68.5,,105.9,81.1,0.0,976.0,0.0,0.0,3.6256714094265785,110787000000.0,102279000000.0,8508000000.0,3320000000.0,4053000000.0,0.0,1135000000.0
8414380,51,2,0.0043100000000000005,44,0.0,0.0,92.1,81.1,66.1,,108.4,76.0,0.0,738.0,0.0,0.0,3.5805299551786183,110787000000.0,102279000000.0,8508000000.0,3320000000.0,4053000000.0,0.0,1135000000.0
8414380,51,3,0.0046700000000000005,44,0.0,0.0,90.1,80.60000000000002,65.4,,111.2,79.3,11.0,421.0,0.0,0.0,3.231342915319183,110787000000.0,102279000000.0,8508000000.0,3320000000.0,4053000000.0,0.0,1135000000.0
8414380,51,4,0.00456,44,0.0,0.0,91.1,81.30000000000003,66.3,,119.3,78.3,2.0,301.0,0.0,0.0,3.8623177217039513,110787000000.0,102279000000.0,8508000000.0,3320000000.0,4053000000.0,0.0,1135000000.0
8414380,51,5,0.00463,44,0.0,0.0,91.4,81.6,65.4,,119.6,80.1,42.0,35.0,0.0,0.0,2.8325066924095297,110787000000.0,102279000000.0,8508000000.0,3320000000.0,4053000000.0,0.0,1135000000.0
8414380,51,6,0.0047,44,0.0,0.0,95.2,82.4,65.8,,121.6,78.7,224.0,2.0,0.0,0.0,3.253726545247092,110787000000.0,102279000000.0,8508000000.0,3320000000.0,4053000000.0,0.0,1135000000.0
8414380,51,7,0.00446,44,0.0,0.0,92.9,78.2,66.1,,116.3,78.8,403.0,0.0,0.0,0.0,2.3574738797041213,110787000000.0,102279000000.0,8508000000.0,3320000000.0,4053000000.0,0.0,1135000000.0
8414380,51,8,0.00446,44,0.0,0.0,92.7,78.0,65.0,,116.6,72.8,394.0,0.0,0.0,0.0,2.764402232429888,110787000000.0,102279000000.0,8508000000.0,3320000000.0,4053000000.0,0.0,1135000000.0
8414380,51,9,0.00417,44,0.0,0.0,90.8,77.7,63.8,,116.4,73.1,227.0,7.0,0.0,0.0,3.4284554458062138,110787000000.0,102279000000.0,8508000000.0,3320000000.0,4053000000.0,0.0,1135000000.0
8414380,51,10,0.004079999999999999,44,1000.0,1000.0,86.1,76.0,64.4,,111.7,77.1,32.0,187.0,0.0,0.0,3.6340398850989297,110787000000.0,102279000000.0,8508000000.0,3320000000.0,4053000000.0,0.0,1135000000.0
8414380,51,11,0.0037,44,9000.0,9000.0,88.9,77.7,65.1,,114.5,78.2,0.0,498.0,0.0,0.0,3.3027370126130493,110787000000.0,102279000000.0,8508000000.0,3320000000.0,4053000000.0,0.0,1135000000.0
8414380,51,12,0.00353,44,9000.0,9000.0,88.3,76.6,64.5,,106.7,78.3,0.0,796.0,0.0,0.0,3.3720875157673915,110787000000.0,102279000000.0,8508000000.0,3320000000.0,4053000000.0,0.0,1135000000.0
7280934,53,1,0.00196,45,0.0,0.0,77.7,84.3,43.1,,92.4,93.2,0.0,825.0,438000.0,438000.0,3.6834075213130633,184661000000.0,172119000000.0,12542000000.0,4441000000.0,6392000000.0,0.0,1709000000.0
7280934,53,2,0.0031100000000000004,45,0.0,0.0,77.7,85.8,44.6,,92.4,103.1,0.0,598.0,631000.0,631000.0,3.415346133876583,184661000000.0,172119000000.0,12542000000.0,4441000000.0,6392000000.0,0.0,1709000000.0
7280934,53,3,0.00346,45,0.0,0.0,77.1,85.7,43.2,,93.0,97.6,0.0,604.0,819000.0,819000.0,3.790365914830269,184661000000.0,172119000000.0,12542000000.0,4441000000.0,6392000000.0,0.0,1709000000.0
7280934,53,4,0.00466,45,0.0,0.0,75.1,82.1,43.2,,95.3,89.7,1.0,346.0,699000.0,699000.0,2.4973381811735766,184661000000.0,172119000000.0,12542000000.0,4441000000.0,6392000000.0,0.0,1709000000.0
7280934,53,5,0.0049900000000000005,45,0.0,0.0,74.6,83.3,42.0,,96.5,85.4,4.0,58.0,797000.0,797000.0,3.0698013467037137,184661000000.0,172119000000.0,12542000000.0,4441000000.0,6392000000.0,0.0,1709000000.0
7280934,53,6,0.0056700000000000006,45,0.0,0.0,75.2,83.6,43.9,,96.7,82.1,22.0,9.0,780000.0,780000.0,2.854879245256557,184661000000.0,172119000000.0,12542000000.0,4441000000.0,6392000000.0,0.0,1709000000.0
7280934,53,7,0.0072299999999999994,45,0.0,0.0,76.4,83.2,46.4,,97.5,75.3,57.0,5.0,735000.0,735000.0,2.6992583552363736,184661000000.0,172119000000.0,12542000000.0,4441000000.0,6392000000.0,0.0,1709000000.0
7280934,53,8,0.0064800000000000005,45,0.0,0.0,76.4,83.2,45.8,,97.3,89.2,86.0,2.0,575000.0,575000.0,2.521446831257076,184661000000.0,172119000000.0,12542000000.0,4441000000.0,6392000000.0,0.0,1709000000.0
7280934,53,9,0.00558,45,0.0,0.0,76.4,84.4,45.7,,98.0,84.6,6.0,20.0,684000.0,684000.0,2.9137892783190025,184661000000.0,172119000000.0,12542000000.0,4441000000.0,6392000000.0,0.0,1709000000.0
7280934,53,10,0.00352,45,0.0,0.0,76.9,86.1,45.0,,95.2,88.8,0.0,438.0,606000.0,606000.0,3.5726185509493376,184661000000.0,172119000000.0,12542000000.0,4441000000.0,6392000000.0,0.0,1709000000.0
7280934,53,11,0.00195,45,0.0,0.0,78.1,85.4,45.3,,96.0,91.6,0.0,544.0,606000.0,606000.0,3.8984081153997945,184661000000.0,172119000000.0,12542000000.0,4441000000.0,6392000000.0,0.0,1709000000.0
7280934,53,12,0.00179,45,0.0,0.0,78.8,84.4,43.6,,92.7,87.3,0.0,15.0,673000.0,673000.0,4.183023274991253,184661000000.0,172119000000.0,12542000000.0,4441000000.0,6392000000.0,0.0,1709000000.0
5772917,55,1,0.00255,47,0.0,0.0,105.5,105.3,72.7,,134.5,127.3,0.0,1433.0,143000.0,142000.0,5.775128084073567,169635000000.0,140268000000.0,29367000000.0,5172000000.0,0.0,24195000000.0,0.0
5772917,55,2,0.00299,47,0.0,0.0,105.2,106.2,73.9,,137.1,145.5,0.0,112.0,159000.0,158000.0,6.162843962212362,169635000000.0,140268000000.0,29367000000.0,5172000000.0,0.0,24195000000.0,0.0
5772917,55,3,0.00398,47,0.0,0.0,104.4,106.4,73.2,,138.9,150.0,0.0,833.0,127000.0,126000.0,4.5947051714186085,169635000000.0,140268000000.0,29367000000.0,5172000000.0,0.0,24195000000.0,0.0
5772917,55,4,0.00487,47,0.0,0.0,104.1,106.6,71.4,,141.5,152.9,0.0,636.0,151000.0,150000.0,5.494176818977638,169635000000.0,140268000000.0,29367000000.0,5172000000.0,0.0,24195000000.0,0.0
5772917,55,5,0.00463,47,0.0,0.0,107.0,109.0,74.8,,146.8,150.0,25.0,79.0,123000.0,123000.0,4.381739442947027,169635000000.0,140268000000.0,29367000000.0,5172000000.0,0.0,24195000000.0,0.0
5772917,55,6,0.0049700000000000005,47,0.0,0.0,111.3,113.0,79.1,,146.6,143.8,121.0,7.0,92000.0,91000.0,4.581705485959426,169635000000.0,140268000000.0,29367000000.0,5172000000.0,0.0,24195000000.0,0.0
5772917,55,7,0.005529999999999999,47,0.0,0.0,111.9,111.6,79.0,,142.8,136.8,210.0,3.0,83000.0,82000.0,4.188313749665361,169635000000.0,140268000000.0,29367000000.0,5172000000.0,0.0,24195000000.0,0.0
5772917,55,8,0.00483,47,0.0,0.0,109.3,109.1,78.3,,140.7,150.0,208.0,8.0,57000.0,57000.0,3.94985138737124,169635000000.0,140268000000.0,29367000000.0,5172000000.0,0.0,24195000000.0,0.0
5772917,55,9,0.00443,47,0.0,0.0,106.9,107.2,76.9,,144.7,141.2,72.0,81.0,111000.0,110000.0,5.458767968421023,169635000000.0,140268000000.0,29367000000.0,5172000000.0,0.0,24195000000.0,0.0
5772917,55,10,0.00306,47,0.0,0.0,104.1,106.3,73.1,,144.0,153.3,6.0,397.0,122000.0,122000.0,5.011002243704236,169635000000.0,140268000000.0,29367000000.0,5172000000.0,0.0,24195000000.0,0.0
5772917,55,11,0.0025,47,0.0,0.0,104.7,105.9,73.3,,140.7,150.0,0.0,653.0,147000.0,146000.0,5.443024101168616,169635000000.0,140268000000.0,29367000000.0,5172000000.0,0.0,24195000000.0,0.0
5772917,55,12,0.0024700000000000004,47,0.0,0.0,104.8,104.6,72.2,,134.1,155.0,0.0,339.0,200000.0,199000.0,7.151920750222257,169635000000.0,140268000000.0,29367000000.0,5172000000.0,0.0,24195000000.0,0.0
584910,56,1,0.0032400000000000003,48,0.0,0.0,79.3,89.0,65.8,,104.2,,0.0,1282.0,497000.0,497000.0,5.026892362371036,253335000000.0,251470000000.0,1864000000.0,1864000000.0,0.0,0.0,0.0
584910,56,2,0.00387,48,0.0,0.0,82.4,91.8,70.8,,105.7,,0.0,956.0,558000.0,558000.0,6.2177187620391825,253335000000.0,251470000000.0,1864000000.0,1864000000.0,0.0,0.0,0.0
584910,56,3,0.004849999999999999,48,0.0,0.0,81.8,93.5,69.9,,108.0,,0.0,922.0,435000.0,435000.0,4.775869680454587,253335000000.0,251470000000.0,1864000000.0,1864000000.0,0.0,0.0,0.0
584910,56,4,0.00579,48,0.0,0.0,81.5,93.6,69.7,,109.6,,0.0,685.0,300000.0,300000.0,4.537474392163172,253335000000.0,251470000000.0,1864000000.0,1864000000.0,0.0,0.0,0.0
584910,56,5,0.0066500000000000005,48,0.0,0.0,82.9,97.0,70.4,,114.5,,1.0,17.0,261000.0,261000.0,3.7845927616880575,253335000000.0,251470000000.0,1864000000.0,1864000000.0,0.0,0.0,0.0
584910,56,6,0.007589999999999999,48,0.0,0.0,82.8,97.2,69.7,,117.6,,95.0,6.0,207000.0,207000.0,3.3094896286459203,253335000000.0,251470000000.0,1864000000.0,1864000000.0,0.0,0.0,0.0
584910,56,7,0.00818,48,0.0,0.0,81.8,94.4,67.9,,118.4,,134.0,8.0,264000.0,264000.0,3.4521646470767515,253335000000.0,251470000000.0,1864000000.0,1864000000.0,0.0,0.0,0.0
584910,56,8,0.007269999999999999,48,0.0,0.0,83.4,94.1,70.9,,117.1,,62.0,8.0,218000.0,218000.0,3.2794309322515933,253335000000.0,251470000000.0,1864000000.0,1864000000.0,0.0,0.0,0.0
584910,56,9,0.0067,48,0.0,0.0,81.5,96.8,68.7,,117.5,,16.0,77.0,276000.0,276000.0,3.9800717635998537,253335000000.0,251470000000.0,1864000000.0,1864000000.0,0.0,0.0,0.0
584910,56,10,0.005370000000000001,48,0.0,0.0,81.6,93.7,70.0,,115.0,,0.0,539.0,429000.0,429000.0,4.720390387286669,253335000000.0,251470000000.0,1864000000.0,1864000000.0,0.0,0.0,0.0
584910,56,11,0.00394,48,0.0,0.0,81.89999999999998,97.4,68.5,,112.6,,0.0,809.0,381000.0,381000.0,4.7008031041596885,253335000000.0,251470000000.0,1864000000.0,1864000000.0,0.0,0.0,0.0
584910,56,12,0.00312,48,0.0,0.0,81.7,91.1,68.8,,106.8,,0.0,460.0,563000.0,563000.0,5.515423763815451,253335000000.0,251470000000.0,1864000000.0,1864000000.0,0.0,0.0,0.0
