month,solar_avg_rad,NCDC Code,State FIPS,solar_net_gen_all,solar_net_gen_elc,elc_price_all,elc_price_com,elc_price_ind,elc_price_oth,elc_price_res,elc_price_trn,CDD,HDD
1,0.00387,1,1,0.0,0.0,89.4,107.9,53.6,,110.0,,4.0,713.0
2,0.00431,1,1,0.0,0.0,90.1,108.8,52.8,,114.5,,6.0,454.0
3,0.00477,1,1,0.0,0.0,91.0,108.4,55.5,,120.7,,50.0,238.0
4,0.005059999999999999,1,1,0.0,0.0,92.6,110.5,58.7,,123.7,,52.0,108.0
5,0.0049900000000000005,1,1,0.0,0.0,93.2,110.2,60.0,,120.5,,174.0,27.0
6,0.00481,1,1,0.0,0.0,98.4,111.7,64.4,,121.1,,420.0,0.0
7,0.00452,1,1,0.0,0.0,100.4,111.2,65.5,,120.3,,518.0,0.0
8,0.0046,1,1,0.0,0.0,99.8,110.4,63.9,,121.7,,505.0,0.0
9,0.00418,1,1,0.0,0.0,99.6,110.5,63.4,,122.2,,395.0,0.0
10,0.00436,1,1,11000.0,11000.0,98.1,114.9,63.1,,125.1,,150.0,52.0
11,0.00422,1,1,13000.0,13000.0,93.9,113.4,59.5,,122.4,,22.0,253.0
12,0.0035499999999999998,1,1,7000.0,7000.0,97.3,115.8,63.8,,119.6,,9.0,504.0
1,0.00653,2,4,214000.0,213000.0,92.0,95.1,53.8,,108.4,89.3,0.0,507.0
2,0.00666,2,4,265000.0,263000.0,93.6,97.9,53.3,,113.9,88.2,31.0,226.0
3,0.0077599999999999995,2,4,312000.0,310000.0,93.8,96.8,53.9,,116.8,89.1,73.0,164.0
4,0.00847,2,4,336000.0,334000.0,98.4,100.1,56.3,,122.8,86.9,118.0,101.0
5,0.00926,2,4,410000.0,407000.0,107.4,110.0,61.1,,128.7,102.1,236.0,35.0
6,0.00974,2,4,396000.0,394000.0,110.3,111.3,63.9,,124.8,105.8,647.0,0.0
7,0.0076,2,4,411000.0,408000.0,112.5,111.7,67.0,,126.4,110.9,743.0,0.0
8,0.00708,2,4,331000.0,329000.0,111.4,110.2,69.9,,125.0,117.5,599.0,0.0
9,0.0077599999999999995,2,4,306000.0,304000.0,110.4,109.5,67.9,,127.1,106.0,409.0,4.0
10,0.00758,2,4,302000.0,300000.0,103.5,105.5,63.9,,121.0,103.5,281.0,21.0
11,0.00704,2,4,243000.0,242000.0,94.7,95.7,57.0,,116.0,95.7,43.0,188.0
12,0.00626,2,4,241000.0,240000.0,94.6,95.4,58.3,,112.3,88.5,0.0,408.0
1,0.0035,3,5,1000.0,1000.0,76.3,79.2,57.3,,89.3,91.6,0.0,807.0
2,0.00372,3,5,2000.0,2000.0,77.0,80.7,56.3,,91.5,84.9,1.0,521.0
3,0.00417,3,5,2000.0,2000.0,77.6,80.60000000000001,56.8,,96.4,91.8,27.0,338.0
4,0.004900000000000001,3,5,2000.0,2000.0,76.5,80.9,54.2,,100.6,86.5,44.0,133.0
5,0.00462,3,5,2000.0,2000.0,78.9,83.0,57.7,,102.2,86.6,107.0,60.0
6,0.00525,3,5,2000.0,2000.0,85.2,85.7,65.5,,103.4,109.5,410.0,0.0
7,0.00554,3,5,3000.0,3000.0,86.5,83.4,66.3,,103.0,94.0,520.0,0.0
8,0.00558,3,5,2000.0,2000.0,86.9,83.8,66.4,,104.1,123.6,454.0,1.0
9,0.00481,3,5,3000.0,3000.0,86.3,84.3,65.6,,104.6,123.9,316.0,5.0
10,0.00436,3,5,3000.0,3000.0,80.8,81.89999999999999,60.9,,98.8,106.7,121.0,67.0
11,0.00369,3,5,2000.0,2000.0,78.6,81.19999999999999,58.6,,101.1,116.4,11.0,305.0
12,0.00347,3,5,2000.0,2000.0,79.4,81.19999999999999,61.1,,94.8,134.2,0.0,723.0
1,0.00434,4,6,716000.0,710000.0,146.7,136.6,103.8,,177.7,88.5,0.0,507.0
2,0.00458,4,6,1195000.0,1186000.0,144.5,137.5,102.4,,176.8,95.0,10.0,270.0
3,0.00611,4,6,1316000.0,1307000.0,142.6,137.8,102.4,,176.5,95.4,6.0,336.0
4,0.0067599999999999995,4,6,1545000.0,1534000.0,126.0,137.0,104.9,,123.9,95.6,22.0,212.0
5,0.00797,4,6,1924000.0,1911000.0,148.6,145.4,115.1,,177.1,90.0,33.0,59.0
6,0.00894,4,6,1851000.0,1838000.0,161.4,159.6,134.4,,180.9,99.1,201.0,4.0
7,0.00893,4,6,2167000.0,2152000.0,168.5,168.4,139.3,,184.7,100.0,282.0,1.0
8,0.00848,4,6,2145000.0,2130000.0,170.7,169.2,139.3,,188.7,103.5,268.0,0.0
9,0.00782,4,6,1911000.0,1898000.0,166.0,167.2,136.5,,182.2,106.2,145.0,21.0
10,0.00647,4,6,1609000.0,1598000.0,141.2,157.8,106.5,,139.3,109.3,47.0,127.0
11,0.005030000000000001,4,6,1389000.0,1380000.0,149.1,142.9,118.4,,179.3,90.2,10.0,267.0
12,0.00425,4,6,1039000.0,1033000.0,148.0,138.2,108.9,,181.6,100.2,0.0,524.0
1,0.00474,5,8,19000.0,18000.0,90.7,85.4,68.6,,111.5,85.8,0.0,1190.0
2,0.004940000000000001,5,8,27000.0,26000.0,92.2,88.7,69.4,,114.4,94.9,0.0,888.0
3,0.00583,5,8,33000.0,32000.0,91.9,89.4,69.1,,114.0,90.4,0.0,842.0
4,0.0064800000000000005,5,8,33000.0,32000.0,95.0,94.1,71.1,,118.2,95.3,0.0,639.0
5,0.00714,5,8,41000.0,40000.0,94.9,94.9,70.6,,116.9,95.5,0.0,50.0
6,0.00821,5,8,43000.0,42000.0,103.6,101.7,76.5,,125.9,99.2,109.0,0.0
7,0.00766,5,8,45000.0,44000.0,103.5,99.4,77.0,,124.6,97.8,158.0,2.0
8,0.0068200000000000005,5,8,36000.0,35000.0,104.2,101.2,76.2,,128.3,101.9,63.0,7.0
9,0.007019999999999999,5,8,78000.0,76000.0,104.9,103.3,78.2,,128.4,109.6,27.0,70.0
10,0.00623,5,8,76000.0,74000.0,98.5,99.2,74.0,,121.0,104.1,1.0,399.0
11,0.00535,5,8,56000.0,54000.0,98.8,98.1,74.5,,122.7,101.5,0.0,724.0
12,0.00456,5,8,52000.0,50000.0,97.7,93.6,75.0,,118.8,101.7,0.0,244.0
1,0.00317,6,9,1000.0,1000.0,171.8,154.0,128.0,,198.6,109.0,0.0,1068.0
2,0.00375,6,9,2000.0,2000.0,179.2,161.49999999999997,132.4,,206.9,116.3,0.0,905.0
3,0.00418,6,9,1000.0,1000.0,178.2,161.1,131.9,,208.5,117.7,0.0,661.0
4,0.0042699999999999995,6,9,2000.0,2000.0,175.6,157.2,126.8,,211.5,122.2,0.0,535.0
5,0.004200000000000001,6,9,2000.0,2000.0,177.0,158.7,128.5,,216.4,128.4,12.0,10.0
6,0.00419,6,9,2000.0,2000.0,176.0,160.2,125.5,,209.5,105.2,104.0,0.0
7,0.00457,6,9,3000.0,3000.0,171.5,155.7,128.7,,197.7,99.5,297.0,0.0
8,0.00434,6,9,3000.0,3000.0,167.3,154.7,127.3,,187.8,106.4,293.0,0.0
9,0.00419,6,9,3000.0,3000.0,167.7,156.3,128.1,,189.8,110.6,90.0,36.0
10,0.0034,6,9,2000.0,2000.0,170.7,159.5,127.3,,199.5,100.3,0.0,336.0
11,0.00272,6,9,2000.0,2000.0,170.2,159.0,126.1,,197.6,89.9,0.0,622.0
12,0.0029,6,9,2000.0,2000.0,167.0,153.5,127.3,,190.3,98.5,0.0,974.0
1,0.0034300000000000003,7,10,2000.0,2000.0,112.2,100.7,85.0,,131.2,,0.0,980.0
2,0.00405,7,10,2000.0,2000.0,111.5,106.4,80.39999999999999,,129.4,,0.0,763.0
3,0.0044800000000000005,7,10,4000.0,4000.0,113.7,104.7,84.0,,133.5,,2.0,491.0
4,0.0044800000000000005,7,10,4000.0,4000.0,111.5,101.0,81.19999999999999,,138.4,,0.0,367.0
5,0.00455,7,10,4000.0,4000.0,113.7,105.8,80.3,,144.9,,30.0,38.0
6,0.00463,7,10,4000.0,4000.0,110.0,99.5,80.9,,135.5,,221.0,0.0
7,0.00475,7,10,4000.0,4000.0,107.3,94.0,81.1,,129.4,,442.0,0.0
8,0.0044800000000000005,7,10,5000.0,5000.0,109.6,98.3,82.5,,129.5,,423.0,0.0
9,0.00411,7,10,5000.0,5000.0,109.4,96.0,82.1,,130.5,,213.0,4.0
10,0.00395,7,10,5000.0,5000.0,119.3,107.8,83.8,,154.4,,25.0,191.0
11,0.0033900000000000002,7,10,5000.0,5000.0,108.5,100.2,76.0,,138.3,,0.0,494.0
12,0.00331,7,10,6000.0,6000.0,106.7,96.3,77.6,,129.0,,0.0,817.0
1,0.00483,8,12,9000.0,9000.0,101.6,92.8,76.8,,112.1,88.6,74.0,228.0
2,0.0050999999999999995,8,12,16000.0,15000.0,101.2,94.1,76.1,,110.4,89.5,71.0,164.0
3,0.00554,8,12,18000.0,18000.0,98.9,90.1,76.4,,110.0,83.3,218.0,34.0
4,0.00591,8,12,28000.0,27000.0,97.0,88.2,74.1,,108.7,81.5,234.0,6.0
5,0.00562,8,12,33000.0,33000.0,96.0,87.2,73.6,,106.7,81.30000000000001,373.0,0.0
6,0.00455,8,12,24000.0,24000.0,98.1,87.2,76.7,,108.7,79.1,516.0,0.0
7,0.00441,8,12,19000.0,19000.0,99.0,86.6,78.4,,109.4,80.2,597.0,0.0
8,0.00436,8,12,20000.0,20000.0,99.9,87.7,78.6,,110.7,79.9,565.0,0.0
9,0.004030000000000001,8,12,18000.0,17000.0,100.4,88.5,79.1,,111.4,85.1,500.0,0.0
10,0.00454,8,12,13000.0,13000.0,99.3,89.4,78.2,,109.8,85.4,347.0,2.0
11,0.00471,8,12,15000.0,15000.0,99.2,90.3,77.5,,110.8,85.0,62.0,52.0
12,0.00424,8,12,11000.0,11000.0,97.9,88.7,77.0,,109.2,81.7,96.0,73.0
1,0.00419,9,13,25000.0,25000.0,91.3,97.5,56.2,,104.6,46.1,4.0,729.0
2,0.00463,9,13,34000.0,34000.0,90.1,96.2,52.4,,105.8,42.8,3.0,502.0
3,0.00497,9,13,43000.0,43000.0,89.6,94.6,51.5,,112.0,42.6,45.0,247.0
4,0.00529,9,13,48000.0,48000.0,90.0,96.4,53.6,,112.2,45.4,37.0,130.0
5,0.00532,9,13,59000.0,59000.0,93.0,97.8,54.5,,115.7,46.2,155.0,34.0
6,0.004849999999999999,9,13,57000.0,57000.0,102.2,100.8,63.6,,123.0,56.8,398.0,0.0
7,0.00464,9,13,66000.0,65000.0,105.5,101.5,68.6,,123.5,63.0,509.0,0.0
8,0.0044599999999999996,9,13,82000.0,82000.0,103.6,98.5,62.4,,125.8,62.3,476.0,0.0
9,0.0041600000000000005,9,13,97000.0,97000.0,100.5,98.2,63.6,,119.9,58.2,340.0,0.0
10,0.00433,9,13,115000.0,115000.0,92.7,97.5,57.6,,111.4,48.0,106.0,72.0
11,0.0043,9,13,121000.0,121000.0,91.9,99.2,56.5,,110.0,46.6,16.0,288.0
12,0.00382,9,13,133000.0,133000.0,91.3,97.9,58.5,,104.3,48.4,8.0,519.0
1,0.00246,10,16,0.0,0.0,79.5,74.1,56.7,,95.1,,0.0,1141.0
2,0.00332,10,16,0.0,0.0,79.8,75.5,58.7,,96.1,,0.0,845.0
3,0.00436,10,16,0.0,0.0,80.0,76.2,59.4,,97.5,,0.0,746.0
4,0.0056,10,16,0.0,0.0,78.3,76.5,60.6,,98.3,,3.0,429.0
5,0.00658,10,16,0.0,0.0,77.9,77.1,63.1,,100.9,,11.0,27.0
6,0.00751,10,16,0.0,0.0,84.4,82.6,76.3,,100.7,,96.0,6.0
7,0.00888,10,16,0.0,0.0,83.5,80.8,70.7,,107.6,,159.0,3.0
8,0.00801,10,16,6000.0,6000.0,82.9,79.8,71.1,,104.6,,152.0,3.0
9,0.0069500000000000004,10,16,9000.0,9000.0,79.9,76.6,67.4,,102.4,,25.0,33.0
10,0.00526,10,16,5000.0,5000.0,80.2,78.0,61.0,,102.4,,0.0,496.0
11,0.00325,10,16,4000.0,4000.0,80.9,78.6,57.1,,100.2,,0.0,704.0
12,0.0025,10,16,6000.0,6000.0,79.9,74.6,56.7,,94.4,,0.0,358.0
1,0.00263,11,17,2000.0,2000.0,91.2,86.9,64.6,,117.7,67.1,0.0,1255.0
2,0.00349,11,17,4000.0,4000.0,92.0,87.5,65.4,,122.7,65.2,0.0,940.0
3,0.004070000000000001,11,17,3000.0,3000.0,92.4,89.2,64.2,,128.8,69.5,4.0,637.0
4,0.00449,11,17,4000.0,4000.0,92.4,89.5,64.5,,130.9,71.3,2.0,451.0
5,0.0044,11,17,5000.0,5000.0,95.5,93.0,64.8,,136.1,68.3,57.0,98.0
6,0.00519,11,17,5000.0,5000.0,95.3,89.9,64.8,,125.4,67.5,235.0,5.0
7,0.0054,11,17,5000.0,5000.0,96.5,92.8,66.1,,123.5,63.3,299.0,0.0
8,0.00504,11,17,5000.0,5000.0,96.0,91.3,67.2,,122.4,66.7,309.0,5.0
9,0.00481,11,17,5000.0,5000.0,94.6,91.2,66.3,,125.3,63.2,160.0,24.0
10,0.00375,11,17,4000.0,4000.0,93.9,91.7,66.7,,130.3,67.9,25.0,253.0
11,0.00294,11,17,4000.0,4000.0,94.0,90.8,64.5,,131.4,69.1,0.0,548.0
12,0.0025099999999999996,11,17,3000.0,3000.0,90.7,88.2,61.6,,119.5,64.4,0.0,208.0
1,0.0024500000000000004,12,18,9000.0,9000.0,87.7,95.3,66.3,,108.0,95.2,0.0,1176.0
2,0.00325,12,18,17000.0,17000.0,87.6,97.1,66.5,,109.0,96.7,0.0,882.0
3,0.00391,12,18,15000.0,15000.0,88.1,98.3,66.6,,116.0,100.7,8.0,569.0
4,0.00432,12,18,17000.0,17000.0,91.2,99.9,70.1,,122.1,96.7,1.0,405.0
5,0.00433,12,18,21000.0,21000.0,89.9,98.0,68.5,,121.8,92.7,51.0,95.0
6,0.0049900000000000005,12,18,21000.0,21000.0,91.2,98.4,68.5,,117.0,94.0,235.0,0.0
7,0.0050999999999999995,12,18,24000.0,24000.0,92.5,98.4,69.0,,116.8,89.0,291.0,0.0
8,0.00481,12,18,24000.0,24000.0,93.9,100.3,69.9,,117.7,94.9,326.0,1.0
9,0.0046,12,18,24000.0,24000.0,95.1,102.5,70.6,,122.6,96.3,165.0,26.0
10,0.0035,12,18,21000.0,21000.0,95.9,103.2,74.2,,126.9,103.9,32.0,215.0
11,0.00266,12,18,19000.0,19000.0,97.0,106.3,73.8,,128.3,113.5,0.0,546.0
12,0.0022400000000000002,12,18,15000.0,15000.0,96.3,103.7,73.8,,117.5,106.8,0.0,108.0
1,0.00256,13,19,0.0,0.0,77.6,80.50000000000001,53.2,,101.8,,0.0,1403.0
2,0.0033399999999999997,13,19,0.0,0.0,75.8,83.6,51.6,,105.6,,0.0,20.0
3,0.00424,13,19,0.0,0.0,77.6,82.7,53.2,,111.6,,5.0,707.0
4,0.0049299999999999995,13,19,0.0,0.0,75.0,84.4,49.6,,114.0,,1.0,450.0
5,0.00479,13,19,0.0,0.0,81.4,92.6,56.3,,126.5,,47.0,16.0
6,0.00517,13,19,0.0,0.0,100.1,104.8,74.5,,132.8,,248.0,4.0
7,0.005809999999999999,13,19,0.0,0.0,105.5,107.5,78.9,,137.8,,255.0,1.0
8,0.00514,13,19,0.0,0.0,105.3,110.5,78.6,,139.9,,241.0,7.0
9,0.0049900000000000005,13,19,0.0,0.0,92.6,97.1,71.6,,124.3,,128.0,53.0
10,0.0037099999999999998,13,19,0.0,0.0,77.8,85.9,53.4,,118.6,,17.0,309.0
11,0.00304,13,19,0.0,0.0,75.6,86.0,51.1,,116.3,,0.0,594.0
12,0.00257,13,19,0.0,0.0,75.8,80.3,50.8,,103.7,,0.0,299.0
1,0.00434,14,20,0.0,0.0,100.8,101.3,74.3,,120.0,,0.0,1038.0
2,0.0045899999999999995,14,20,0.0,0.0,102.9,104.4,75.1,,126.5,,0.0,664.0
3,0.00496,14,20,0.0,0.0,104.1,106.1,75.6,,133.0,,19.0,462.0
4,0.00551,14,20,0.0,0.0,103.0,105.1,74.6,,135.8,,21.0,237.0
5,0.00584,14,20,0.0,0.0,105.7,106.7,74.9,,139.1,,63.0,41.0
6,0.00635,14,20,0.0,0.0,110.2,108.1,76.9,,133.9,,397.0,1.0
7,0.006849999999999999,14,20,0.0,0.0,109.5,106.6,76.2,,131.7,,462.0,0.0
8,0.00622,14,20,0.0,0.0,108.7,106.4,75.3,,132.9,,388.0,4.0
9,0.0058,14,20,0.0,0.0,105.3,104.0,74.4,,130.5,,224.0,26.0
10,0.004900000000000001,14,20,0.0,0.0,104.3,105.7,74.8,,132.5,,60.0,149.0
11,0.0044800000000000005,14,20,0.0,0.0,100.8,101.2,73.3,,132.9,,4.0,418.0
12,0.004059999999999999,14,20,0.0,0.0,99.9,99.5,72.9,,122.3,,0.0,56.0
1,0.0028799999999999997,15,21,0.0,0.0,82.7,92.6,55.0,,99.7,,0.0,1038.0
2,0.0035099999999999997,15,21,0.0,0.0,81.5,94.7,53.5,,99.1,,0.0,734.0
3,0.0038599999999999997,15,21,0.0,0.0,80.60000000000001,94.8,53.6,,102.5,,20.0,434.0
4,0.0044,15,21,0.0,0.0,81.19999999999999,96.1,55.0,,105.6,,12.0,247.0
5,0.00452,15,21,0.0,0.0,80.8,95.5,53.4,,107.0,,68.0,35.0
6,0.005,15,21,2000.0,2000.0,85.8,96.8,58.8,,105.1,,299.0,1.0
7,0.0046500000000000005,15,21,2000.0,2000.0,87.1,95.3,59.8,,104.8,,396.0,0.0
8,0.004900000000000001,15,21,2000.0,2000.0,86.5,94.4,58.7,,105.1,,403.0,0.0
9,0.00449,15,21,2000.0,2000.0,86.8,96.6,59.2,,106.9,,230.0,14.0
10,0.0039,15,21,2000.0,2000.0,84.4,97.3,57.2,,110.6,,68.0,137.0
11,0.00326,15,21,1000.0,1000.0,85.1,99.0,57.0,,112.3,,1.0,458.0
12,0.00268,15,21,1000.0,1000.0,86.0,95.9,58.9,,105.6,,0.0,874.0
1,0.00369,16,22,0.0,0.0,71.5,84.5,49.8,,87.3,78.1,19.0,489.0
2,0.0039700000000000004,16,22,0.0,0.0,70.6,85.1,47.7,,86.9,84.8,23.0,287.0
3,0.00451,16,22,0.0,0.0,75.0,90.0,52.3,,94.6,92.8,102.0,121.0
4,0.005059999999999999,16,22,0.0,0.0,71.2,87.1,48.7,,94.0,96.8,139.0,29.0
5,0.005,16,22,0.0,0.0,72.3,85.3,48.3,,95.0,95.7,274.0,1.0
6,0.00495,16,22,0.0,0.0,71.2,82.2,45.2,,91.9,90.7,485.0,0.0
7,0.00481,16,22,0.0,0.0,75.2,82.5,48.9,,92.8,86.8,582.0,0.0
8,0.00487,16,22,0.0,0.0,78.5,86.2,52.8,,96.6,93.3,543.0,0.0
9,0.00438,16,22,0.0,0.0,79.9,86.7,55.4,,97.4,93.5,468.0,0.0
10,0.00461,16,22,0.0,0.0,76.6,85.5,53.3,,95.2,83.4,233.0,16.0
11,0.00412,16,22,0.0,0.0,74.1,87.1,51.8,,93.8,96.0,75.0,130.0
12,0.0035499999999999998,16,22,0.0,0.0,77.4,90.5,55.6,,93.7,92.2,28.0,300.0
1,0.0033900000000000002,17,23,0.0,0.0,129.0,122.2,89.3,,155.6,,0.0,1278.0
2,0.00362,17,23,0.0,0.0,128.9,122.0,91.0,,154.7,,0.0,97.0
3,0.004,17,23,0.0,0.0,129.1,122.8,90.3,,156.5,,0.0,989.0
4,0.004719999999999999,17,23,0.0,0.0,125.3,119.1,87.7,,156.0,,0.0,738.0
5,0.00462,17,23,0.0,0.0,125.5,120.8,87.1,,157.8,,0.0,46.0
6,0.00454,17,23,0.0,0.0,122.8,115.6,83.1,,158.4,,14.0,0.0
7,0.00461,17,23,0.0,0.0,127.7,118.2,91.4,,158.3,,133.0,8.0
8,0.0047599999999999995,17,23,0.0,0.0,131.0,122.2,96.6,,160.0,,129.0,4.0
9,0.00447,17,23,0.0,0.0,129.4,120.2,90.5,,162.60000000000002,,17.0,37.0
10,0.00307,17,23,0.0,0.0,127.2,123.7,85.0,,162.60000000000002,,0.0,502.0
11,0.00248,17,23,0.0,0.0,129.3,123.9,90.4,,162.1,,0.0,769.0
12,0.00292,17,23,0.0,0.0,129.1,119.7,92.5,,156.3,,0.0,267.0
1,0.0034300000000000003,18,24,9000.0,8000.0,123.3,109.5,78.7,,140.4,76.9,0.0,1032.0
2,0.0039900000000000005,18,24,11000.0,11000.0,122.4,109.7,83.3,,139.9,79.1,0.0,791.0
3,0.00444,18,24,16000.0,15000.0,122.5,109.6,78.5,,143.7,78.2,3.0,485.0
4,0.00445,18,24,19000.0,18000.0,121.7,110.5,81.30000000000001,,143.7,78.3,0.0,350.0
5,0.00451,18,24,19000.0,19000.0,122.4,111.6,81.1,,147.0,78.9,31.0,52.0
6,0.004690000000000001,18,24,24000.0,23000.0,123.4,110.5,76.7,,146.2,76.1,228.0,1.0
7,0.00467,18,24,24000.0,23000.0,121.5,107.5,75.0,,140.7,81.30000000000001,419.0,0.0
8,0.00447,18,24,25000.0,24000.0,119.9,107.6,78.8,,138.2,78.9,409.0,0.0
9,0.00412,18,24,20000.0,19000.0,120.3,108.5,77.8,,140.2,78.6,211.0,6.0
10,0.0039,18,24,19000.0,18000.0,124.0,112.2,77.7,,151.7,80.1,25.0,199.0
11,0.00328,18,24,14000.0,13000.0,121.1,110.4,78.1,,143.1,78.9,0.0,519.0
12,0.0032400000000000003,18,24,10000.0,9000.0,123.5,112.7,79.6,,140.0,76.6,0.0,838.0
1,0.0030499999999999998,19,25,23000.0,23000.0,166.2,154.6,132.8,,194.1,70.1,0.0,1097.0
2,0.00357,19,25,47000.0,47000.0,170.6,160.5,134.6,,197.5,78.1,0.0,929.0
3,0.00401,19,25,41000.0,41000.0,166.5,156.1,133.4,,196.2,60.7,0.0,728.0
4,0.00431,19,25,47000.0,46000.0,166.4,155.9,131.5,,198.9,53.5,0.0,588.0
5,0.00415,19,25,58000.0,58000.0,159.6,151.1,128.7,,189.7,48.3,6.0,42.0
6,0.0040999999999999995,19,25,58000.0,57000.0,161.4,155.6,132.0,,184.5,48.5,81.0,5.0
7,0.0046,19,25,66000.0,66000.0,163.29999999999998,158.1,136.0,,180.2,56.5,257.0,0.0
8,0.0044,19,25,65000.0,65000.0,164.0,158.0,137.1,,180.2,65.0,259.0,0.0
9,0.00425,19,25,62000.0,61000.0,171.9,162.8,136.1,,196.9,50.8,63.0,55.0
10,0.00331,19,25,55000.0,54000.0,164.3,158.7,134.5,,188.2,53.0,0.0,370.0
11,0.00257,19,25,48000.0,48000.0,160.2,149.1,132.0,,191.4,52.7,0.0,655.0
12,0.00269,19,25,39000.0,39000.0,161.9,149.4,135.9,,188.1,66.9,0.0,18.0
1,0.0022,20,26,0.0,0.0,107.5,101.9,67.6,,144.3,117.5,0.0,1238.0
2,0.00279,20,26,0.0,0.0,107.5,105.5,65.6,,147.8,112.1,0.0,20.0
3,0.00379,20,26,0.0,0.0,105.8,103.5,67.7,,147.5,112.1,0.0,778.0
4,0.00487,20,26,1000.0,1000.0,104.6,103.7,66.1,,148.8,114.5,0.0,621.0
5,0.00478,20,26,1000.0,1000.0,107.5,106.7,68.9,,152.6,113.3,32.0,51.0
6,0.0052,20,26,1000.0,1000.0,110.5,106.4,68.7,,153.4,121.0,126.0,3.0
7,0.00546,20,26,1000.0,1000.0,114.3,106.1,71.1,,153.1,116.3,251.0,4.0
8,0.004849999999999999,20,26,1000.0,1000.0,117.0,107.1,71.8,,158.2,112.0,266.0,6.0
9,0.00432,20,26,1000.0,1000.0,113.3,108.0,71.1,,157.1,118.4,85.0,61.0
10,0.00267,20,26,1000.0,1000.0,111.2,108.6,70.0,,156.7,119.1,9.0,349.0
11,0.00197,20,26,1000.0,1000.0,110.2,109.6,70.0,,153.7,121.0,0.0,616.0
12,0.00206,20,26,1000.0,1000.0,113.6,108.9,70.6,,151.6,121.0,0.0,175.0
1,0.0024,21,27,0.0,0.0,97.2,95.1,71.0,,119.5,104.6,0.0,1592.0
2,0.003,21,27,0.0,0.0,97.0,95.0,72.1,,120.5,99.7,0.0,231.0
3,0.00387,21,27,1000.0,1000.0,96.2,94.6,72.1,,121.7,100.0,0.0,870.0
4,0.00545,21,27,1000.0,1000.0,97.8,97.4,72.1,,126.1,99.1,0.0,639.0
5,0.00508,21,27,1000.0,1000.0,99.7,99.6,73.4,,130.1,86.6,27.0,82.0
6,0.00509,21,27,1000.0,1000.0,101.1,98.6,76.9,,127.6,105.8,107.0,6.0
7,0.006019999999999999,21,27,1000.0,1000.0,104.2,100.8,77.7,,131.6,101.7,178.0,4.0
8,0.00523,21,27,1000.0,1000.0,104.0,101.5,77.8,,130.7,104.1,154.0,2.0
9,0.00443,21,27,1000.0,1000.0,103.5,106.4,71.2,,136.9,110.0,41.0,44.0
10,0.00307,21,27,1000.0,1000.0,99.7,99.0,74.4,,131.1,97.5,1.0,493.0
11,0.00271,21,27,1000.0,1000.0,101.0,102.1,73.1,,130.7,101.3,0.0,727.0
12,0.0024500000000000004,21,27,2000.0,2000.0,96.1,92.3,71.7,,119.1,96.6,0.0,487.0
1,0.0035600000000000002,22,28,0.0,0.0,87.9,99.6,58.6,,103.7,,7.0,655.0
2,0.00401,22,28,0.0,0.0,85.6,97.9,54.6,,102.5,,12.0,402.0
3,0.0044800000000000005,22,28,0.0,0.0,85.7,97.6,54.9,,108.3,,64.0,203.0
4,0.00501,22,28,0.0,0.0,82.5,93.5,53.1,,109.3,,82.0,74.0
5,0.004900000000000001,22,28,0.0,0.0,83.1,92.8,53.4,,108.0,,190.0,16.0
6,0.00511,22,28,0.0,0.0,87.8,95.0,59.4,,105.6,,454.0,0.0
7,0.00483,22,28,0.0,0.0,87.1,92.3,60.3,,101.3,,540.0,0.0
8,0.0049900000000000005,22,28,0.0,0.0,87.2,92.9,59.4,,102.3,,525.0,0.0
9,0.00436,22,28,0.0,0.0,87.1,93.0,60.8,,101.0,,419.0,0.0
10,0.0044800000000000005,22,28,0.0,0.0,88.4,97.8,59.7,,105.8,,169.0,38.0
11,0.004059999999999999,22,28,0.0,0.0,88.0,99.1,59.0,,109.6,,27.0,223.0
12,0.00337,22,28,0.0,0.0,88.9,100.4,61.7,,106.1,,10.0,477.0
1,0.0033399999999999997,23,29,1000.0,1000.0,84.1,80.9,61.2,,94.2,68.5,0.0,1087.0
2,0.00375,23,29,2000.0,2000.0,85.1,82.7,62.9,,95.2,63.2,0.0,751.0
3,0.00425,23,29,2000.0,2000.0,87.9,83.1,63.2,,103.9,65.7,18.0,484.0
4,0.00481,23,29,2000.0,2000.0,88.8,84.0,65.3,,106.9,67.3,15.0,263.0
5,0.00477,23,29,3000.0,3000.0,100.5,95.3,71.5,,122.4,75.6,68.0,43.0
6,0.00541,23,29,3000.0,3000.0,113.6,108.7,82.6,,128.6,114.9,357.0,0.0
7,0.00564,23,29,4000.0,4000.0,111.9,106.0,82.5,,125.9,114.5,394.0,0.0
8,0.00544,23,29,4000.0,4000.0,113.0,107.5,82.3,,127.3,114.4,357.0,4.0
9,0.00509,23,29,4000.0,4000.0,100.4,94.1,74.3,,116.2,115.7,217.0,22.0
10,0.00422,23,29,3000.0,3000.0,90.6,85.7,68.3,,107.6,72.0,56.0,158.0
11,0.0035299999999999997,23,29,3000.0,3000.0,92.1,86.3,67.4,,111.4,71.7,5.0,437.0
12,0.00313,23,29,2000.0,2000.0,90.2,86.6,70.6,,99.1,67.8,0.0,43.0
1,0.00259,24,30,0.0,0.0,85.7,95.3,50.6,,101.1,,0.0,1235.0
2,0.0034300000000000003,24,30,0.0,0.0,85.7,98.8,47.3,,103.9,,2.0,887.0
3,0.00433,24,30,0.0,0.0,88.4,102.6,48.6,,108.1,,0.0,891.0
4,0.00538,24,30,0.0,0.0,86.4,102.7,45.8,,109.5,,0.0,607.0
5,0.00587,24,30,0.0,0.0,88.5,104.6,48.9,,113.1,,1.0,83.0
6,0.00626,24,30,0.0,0.0,90.6,105.1,52.4,,114.7,,44.0,8.0
7,0.00797,24,30,0.0,0.0,91.3,103.1,56.5,,114.8,,74.0,8.0
8,0.00694,24,30,0.0,0.0,90.7,101.7,55.7,,113.9,,54.0,4.0
9,0.00575,24,30,0.0,0.0,88.9,103.6,50.7,,115.1,,9.0,65.0
10,0.00422,24,30,0.0,0.0,89.4,103.2,51.7,,112.1,,0.0,661.0
11,0.0029100000000000003,24,30,0.0,0.0,87.4,102.3,48.5,,109.5,,0.0,797.0
12,0.00248,24,30,0.0,0.0,88.2,100.5,49.0,,105.4,,0.0,535.0
1,0.0037400000000000003,25,31,0.0,0.0,82.4,82.6,69.5,,92.5,,0.0,1247.0
2,0.00418,25,31,0.0,0.0,84.2,83.2,72.1,,96.0,,0.0,867.0
3,0.004849999999999999,25,31,0.0,0.0,90.9,85.7,85.0,,102.7,,11.0,618.0
4,0.00542,25,31,0.0,0.0,87.3,85.6,74.5,,106.5,,5.0,392.0
5,0.00577,25,31,0.0,0.0,88.4,87.4,74.1,,110.2,,47.0,19.0
6,0.00654,25,31,1000.0,1000.0,96.8,94.4,80.60000000000001,,118.7,,320.0,0.0
7,0.0070599999999999994,25,31,1000.0,1000.0,101.4,94.2,89.1,,120.8,,319.0,0.0
8,0.0062900000000000005,25,31,1000.0,1000.0,98.1,93.0,83.9,,120.0,,262.0,5.0
9,0.00594,25,31,1000.0,1000.0,94.9,93.0,75.0,,123.3,,129.0,72.0
10,0.00471,25,31,1000.0,1000.0,86.5,85.4,72.0,,107.3,,14.0,288.0
11,0.00391,25,31,0.0,0.0,84.4,84.1,69.4,,107.0,,0.0,586.0
12,0.00342,25,31,0.0,0.0,84.6,84.4,70.4,,97.0,,0.0,239.0
1,0.004719999999999999,26,32,117000.0,115000.0,81.4,81.7,49.9,,113.9,80.1,0.0,735.0
2,0.00505,26,32,243000.0,231000.0,80.9,85.7,51.5,,121.9,80.50000000000001,8.0,435.0
3,0.00662,26,32,220000.0,216000.0,79.3,82.3,48.4,,122.6,74.7,23.0,357.0
4,0.00697,26,32,233000.0,229000.0,76.6,80.60000000000001,50.0,,118.7,72.4,55.0,225.0
5,0.00822,26,32,297000.0,291000.0,79.7,80.8,48.6,,120.7,73.6,134.0,23.0
6,0.00941,26,32,299000.0,294000.0,88.0,78.5,60.0,,113.9,78.1,506.0,5.0
7,0.00922,26,32,335000.0,329000.0,91.8,76.2,84.3,,107.1,86.0,603.0,2.0
8,0.00888,26,32,328000.0,322000.0,92.3,78.9,78.6,,108.2,81.5,522.0,3.0
9,0.008490000000000001,26,32,319000.0,314000.0,89.7,80.2,74.2,,111.7,83.6,261.0,38.0
10,0.0070599999999999994,26,32,267000.0,263000.0,84.5,78.7,67.0,,120.4,79.1,116.0,147.0
11,0.00553,26,32,258000.0,253000.0,71.8,76.2,31.9,,117.9,73.4,10.0,374.0
12,0.00458,26,32,208000.0,204000.0,77.1,75.1,46.4,,112.5,73.9,0.0,756.0
1,0.00318,27,33,0.0,0.0,157.7,145.8,126.9,,179.8,,0.0,1256.0
2,0.00349,27,33,0.0,0.0,159.0,147.5,126.9,,183.3,,0.0,68.0
3,0.0039,27,33,0.0,0.0,157.8,145.5,123.8,,184.3,,0.0,872.0
4,0.00462,27,33,0.0,0.0,157.5,144.8,123.4,,186.4,,0.0,697.0
5,0.00437,27,33,0.0,0.0,155.0,144.2,121.1,,185.1,,6.0,96.0
6,0.00421,27,33,0.0,0.0,151.3,140.3,119.2,,180.6,,40.0,4.0
7,0.00453,27,33,0.0,0.0,152.7,139.9,121.0,,179.5,,155.0,1.0
8,0.00449,27,33,0.0,0.0,156.0,143.0,123.1,,181.8,,152.0,8.0
9,0.00425,27,33,0.0,0.0,156.1,144.1,123.3,,182.8,,23.0,25.0
10,0.00312,27,33,0.0,0.0,157.1,145.6,122.7,,188.6,,0.0,501.0
11,0.00249,27,33,0.0,0.0,159.4,146.7,123.2,,190.5,,0.0,783.0
12,0.00269,27,33,0.0,0.0,159.6,145.7,126.5,,186.1,,0.0,223.0
1,0.00328,28,34,51000.0,41000.0,130.8,118.5,100.7,,154.8,91.5,0.0,1056.0
2,0.00391,28,34,45000.0,37000.0,128.8,117.0,98.4,,154.6,85.2,0.0,827.0
3,0.00428,28,34,73000.0,59000.0,129.6,119.1,101.5,,155.5,87.2,0.0,572.0
4,0.0043,28,34,82000.0,67000.0,128.0,118.5,96.8,,154.9,83.0,0.0,436.0
5,0.00433,28,34,74000.0,60000.0,130.7,122.6,100.3,,153.7,83.9,20.0,76.0
6,0.0044,28,34,94000.0,77000.0,140.9,132.3,107.0,,160.2,89.1,166.0,6.0
7,0.00464,28,34,90000.0,74000.0,142.8,130.7,110.5,,161.00000000000003,91.3,365.0,0.0
8,0.0043,28,34,88000.0,72000.0,143.1,130.4,108.5,,162.2,92.2,357.0,0.0
9,0.00414,28,34,66000.0,55000.0,139.2,127.4,107.1,,161.4,92.0,146.0,17.0
10,0.00368,28,34,67000.0,56000.0,125.7,117.0,91.0,,152.6,80.9,7.0,280.0
11,0.0030600000000000002,28,34,61000.0,50000.0,126.4,116.2,97.1,,152.6,83.9,0.0,560.0
12,0.00312,28,34,44000.0,37000.0,128.1,115.8,98.7,,152.9,80.1,0.0,905.0
1,0.00652,29,35,33000.0,33000.0,90.0,94.4,58.9,,114.2,,0.0,935.0
2,0.00687,29,35,41000.0,41000.0,85.7,92.7,53.2,,112.2,,0.0,616.0
3,0.00739,29,35,51000.0,51000.0,86.1,92.6,58.6,,114.0,,1.0,483.0
4,0.008119999999999999,29,35,51000.0,51000.0,83.1,88.9,56.4,,112.9,,6.0,355.0
5,0.00841,29,35,56000.0,56000.0,85.3,91.5,58.5,,112.8,,36.0,78.0
6,0.00869,29,35,52000.0,52000.0,93.9,100.2,59.8,,121.6,,283.0,8.0
7,0.00731,29,35,54000.0,54000.0,98.2,103.4,60.2,,124.5,,394.0,0.0
8,0.006730000000000001,29,35,68000.0,68000.0,99.3,105.3,61.5,,129.6,,203.0,6.0
9,0.00725,29,35,82000.0,82000.0,96.4,104.5,59.3,,128.5,,108.0,49.0
10,0.0071200000000000005,29,35,100000.0,100000.0,90.4,98.9,55.6,,125.7,,27.0,171.0
11,0.00694,29,35,89000.0,89000.0,87.5,94.4,57.4,,119.8,,0.0,533.0
12,0.00622,29,35,75000.0,75000.0,92.6,97.5,60.7,,120.8,,0.0,810.0
1,0.00265,30,36,8000.0,8000.0,135.5,134.1,55.1,,165.6,121.1,0.0,1114.0
2,0.00314,30,36,7000.0,7000.0,137.1,135.7,60.8,,167.6,117.1,0.0,927.0
3,0.00376,30,36,11000.0,11000.0,136.7,135.4,59.7,,167.9,115.9,0.0,693.0
4,0.00477,30,36,12000.0,12000.0,138.0,137.7,59.4,,173.8,118.0,0.0,569.0
5,0.0046500000000000005,30,36,11000.0,11000.0,137.4,135.7,57.2,,177.1,114.7,13.0,29.0
6,0.00453,30,36,16000.0,16000.0,149.5,151.0,67.0,,178.7,125.4,103.0,1.0
7,0.00471,30,36,15000.0,15000.0,153.7,156.6,55.9,,179.3,125.5,286.0,1.0
8,0.00449,30,36,15000.0,15000.0,155.1,155.6,62.8,,179.9,130.2,294.0,2.0
9,0.00417,30,36,11000.0,11000.0,156.3,157.6,61.8,,183.6,127.8,97.0,48.0
10,0.0029300000000000003,30,36,11000.0,11000.0,148.1,148.5,59.5,,182.6,118.4,4.0,333.0
11,0.00222,30,36,10000.0,9000.0,141.3,139.9,65.9,,177.3,112.3,0.0,618.0
12,0.00233,30,36,12000.0,12000.0,139.3,137.5,58.3,,171.7,119.5,0.0,997.0
1,0.00418,31,37,168000.0,162000.0,90.4,85.3,62.4,,103.1,80.60000000000001,0.0,825.0
2,0.0044800000000000005,31,37,175000.0,168000.0,91.1,86.7,60.9,,106.7,79.7,0.0,609.0
3,0.004900000000000001,31,37,348000.0,334000.0,91.1,85.0,54.6,,115.4,77.4,31.0,291.0
4,0.005,31,37,300000.0,289000.0,89.8,84.6,60.7,,116.0,78.8,12.0,190.0
5,0.00498,31,37,265000.0,255000.0,89.9,85.3,61.1,,112.9,80.39999999999999,99.0,65.0
6,0.004889999999999999,31,37,320000.0,308000.0,92.6,86.0,65.1,,110.2,76.0,324.0,1.0
7,0.00454,31,37,336000.0,324000.0,95.9,89.5,71.1,,110.7,77.6,481.0,0.0
8,0.00443,31,37,448000.0,432000.0,95.8,88.5,68.1,,112.4,77.4,454.0,0.0
9,0.00412,31,37,328000.0,316000.0,94.8,87.2,67.7,,113.1,75.2,291.0,2.0
10,0.0042699999999999995,31,37,254000.0,245000.0,92.7,87.8,63.2,,116.3,77.7,66.0,123.0
11,0.004059999999999999,31,37,182000.0,176000.0,88.8,83.4,59.4,,111.1,84.4,1.0,396.0
12,0.00379,31,37,298000.0,288000.0,87.7,83.0,61.0,,102.0,88.8,1.0,656.0
1,0.0019299999999999999,32,38,0.0,0.0,81.89999999999999,84.7,76.2,,85.2,,0.0,1587.0
2,0.00275,32,38,0.0,0.0,87.0,89.7,79.6,,93.4,,1.0,131.0
3,0.00392,32,38,0.0,0.0,86.8,89.4,77.4,,97.4,,0.0,896.0
4,0.00578,32,38,0.0,0.0,85.3,93.1,67.6,,104.5,,0.0,701.0
5,0.00557,32,38,0.0,0.0,90.9,91.5,81.1,,109.9,,29.0,79.0
6,0.005679999999999999,32,38,0.0,0.0,92.7,92.7,82.5,,112.9,,115.0,5.0
7,0.007030000000000001,32,38,0.0,0.0,92.2,93.4,80.7,,111.7,,172.0,8.0
8,0.00605,32,38,0.0,0.0,95.0,95.9,83.7,,112.9,,140.0,0.0
9,0.00505,32,38,0.0,0.0,95.2,97.9,82.8,,117.8,,29.0,12.0
10,0.00373,32,38,0.0,0.0,91.7,92.9,82.1,,108.0,,0.0,581.0
11,0.00282,32,38,0.0,0.0,90.1,91.0,81.7,,102.6,,0.0,770.0
12,0.00209,32,38,0.0,0.0,87.0,87.8,82.1,,91.4,,0.0,688.0
1,0.0023599999999999997,33,39,2000.0,2000.0,98.6,97.4,69.6,,122.2,74.0,0.0,1171.0
2,0.0029100000000000003,33,39,5000.0,5000.0,98.3,99.8,69.5,,122.3,73.3,0.0,887.0
3,0.00363,33,39,4000.0,4000.0,97.8,99.6,69.5,,126.6,76.2,5.0,589.0
4,0.00419,33,39,5000.0,4000.0,97.7,100.3,69.2,,129.3,97.0,0.0,462.0
5,0.0042699999999999995,33,39,6000.0,6000.0,98.4,100.0,70.0,,131.9,77.6,39.0,8.0
6,0.004690000000000001,33,39,6000.0,6000.0,98.9,99.3,69.5,,126.6,81.30000000000001,195.0,4.0
7,0.00477,33,39,7000.0,7000.0,100.1,97.4,71.4,,124.5,81.4,299.0,0.0
8,0.00451,33,39,7000.0,7000.0,100.3,99.1,70.6,,124.0,78.9,337.0,0.0
9,0.00436,33,39,7000.0,6000.0,97.7,101.2,69.5,,121.3,81.19999999999999,148.0,29.0
10,0.00327,33,39,6000.0,5000.0,96.4,102.2,69.3,,125.2,81.8,19.0,250.0
11,0.00244,33,39,5000.0,5000.0,96.6,101.4,68.8,,124.2,79.9,0.0,575.0
12,0.00212,33,39,4000.0,4000.0,99.4,99.9,70.1,,122.8,76.8,0.0,58.0
1,0.00441,34,40,0.0,0.0,69.3,70.3,46.9,,84.0,,0.0,837.0
2,0.00466,34,40,0.0,0.0,73.6,71.8,46.5,,97.9,,8.0,497.0
3,0.0047,34,40,1000.0,1000.0,72.8,69.2,46.1,,103.9,,27.0,337.0
4,0.0054800000000000005,34,40,1000.0,1000.0,73.9,70.5,46.0,,110.8,,47.0,142.0
5,0.0054,34,40,1000.0,1000.0,76.3,74.0,48.4,,108.7,,103.0,61.0
6,0.006030000000000001,34,40,1000.0,1000.0,81.1,79.8,53.5,,101.1,,437.0,0.0
7,0.0068200000000000005,34,40,1000.0,1000.0,83.6,82.1,53.5,,101.1,,565.0,0.0
8,0.00621,34,40,0.0,0.0,85.8,83.6,53.6,,106.5,,509.0,0.0
9,0.00563,34,40,0.0,0.0,86.9,84.9,53.9,,112.7,,329.0,9.0
10,0.00484,34,40,0.0,0.0,82.6,81.19999999999999,52.0,,111.8,,135.0,58.0
11,0.00452,34,40,0.0,0.0,70.1,70.1,48.0,,95.4,,15.0,288.0
12,0.00431,34,40,0.0,0.0,75.4,74.5,52.3,,93.7,,0.0,807.0
1,0.00269,35,41,1000.0,1000.0,87.8,86.7,57.6,,102.3,91.5,0.0,783.0
2,0.0035099999999999997,35,41,2000.0,2000.0,88.0,89.2,58.8,,103.9,92.1,0.0,551.0
3,0.00423,35,41,2000.0,2000.0,87.8,89.2,57.7,,104.7,92.1,0.0,612.0
4,0.00514,35,41,3000.0,3000.0,86.5,89.0,57.8,,105.7,93.1,0.0,353.0
5,0.0059900000000000005,35,41,4000.0,4000.0,87.5,89.7,59.2,,108.4,93.4,6.0,74.0
6,0.00731,35,41,3000.0,3000.0,87.4,88.3,62.2,,108.2,93.1,24.0,0.0
7,0.00864,35,41,4000.0,4000.0,88.0,88.6,64.0,,108.2,91.7,61.0,3.0
8,0.00793,35,41,4000.0,4000.0,88.8,89.1,63.6,,109.0,92.7,118.0,8.0
9,0.00697,35,41,5000.0,5000.0,88.1,89.6,61.6,,109.6,92.8,14.0,77.0
10,0.00491,35,41,4000.0,4000.0,89.4,90.5,62.0,,109.8,93.4,0.0,421.0
11,0.00279,35,41,5000.0,5000.0,89.5,89.8,62.3,,107.6,93.4,0.0,516.0
12,0.00244,35,41,4000.0,4000.0,90.5,89.4,57.9,,106.2,92.1,0.0,963.0
1,0.00278,36,42,5000.0,4000.0,104.1,94.1,70.0,,137.1,76.4,0.0,1170.0
2,0.00323,36,42,4000.0,3000.0,105.4,95.3,70.7,,138.7,82.6,0.0,913.0
3,0.0038399999999999997,36,42,7000.0,6000.0,102.3,94.2,69.8,,138.0,83.8,0.0,618.0
4,0.00424,36,42,7000.0,6000.0,101.5,94.8,69.0,,140.7,77.5,0.0,486.0
5,0.004200000000000001,36,42,7000.0,5000.0,99.9,93.1,68.7,,142.0,74.8,21.0,14.0
6,0.00422,36,42,9000.0,7000.0,99.7,90.9,68.3,,138.1,73.2,144.0,9.0
7,0.00434,36,42,8000.0,7000.0,101.3,90.2,68.6,,136.0,74.4,309.0,1.0
8,0.0040999999999999995,36,42,8000.0,6000.0,103.2,90.6,70.8,,136.5,75.5,308.0,1.0
9,0.00387,36,42,6000.0,5000.0,102.1,90.3,69.9,,139.6,76.3,118.0,36.0
10,0.00311,36,42,6000.0,5000.0,100.0,92.2,68.6,,143.2,75.3,7.0,315.0
11,0.00244,36,42,5000.0,4000.0,100.6,91.5,68.0,,141.4,72.7,0.0,629.0
12,0.00252,36,42,4000.0,3000.0,101.5,90.1,68.1,,136.6,75.2,0.0,989.0
1,0.0031,37,44,1000.0,1000.0,167.6,157.7,141.1,,184.1,181.9,0.0,1045.0
2,0.0038399999999999997,37,44,1000.0,1000.0,169.4,160.79999999999998,136.6,,187.9,179.2,0.0,893.0
3,0.00414,37,44,1000.0,1000.0,167.9,156.6,135.5,,190.7,184.9,0.0,685.0
4,0.00422,37,44,1000.0,1000.0,165.8,151.3,134.2,,194.3,182.4,0.0,564.0
5,0.00414,37,44,1000.0,1000.0,156.9,144.7,136.0,,180.2,189.0,7.0,27.0
6,0.00421,37,44,1000.0,1000.0,160.5,145.6,132.3,,186.9,187.0,85.0,8.0
7,0.00456,37,44,2000.0,2000.0,154.5,142.7,133.8,,171.0,192.1,273.0,0.0
8,0.0044,37,44,2000.0,2000.0,163.6,146.9,134.0,,185.6,189.1,276.0,0.0
9,0.00426,37,44,1000.0,1000.0,170.8,147.9,133.4,,204.7,193.7,80.0,38.0
10,0.00344,37,44,1000.0,1000.0,160.6,144.8,132.1,,188.7,190.8,0.0,322.0
11,0.00277,37,44,1000.0,1000.0,158.3,145.9,134.0,,181.4,191.8,0.0,597.0
12,0.0028599999999999997,37,44,1000.0,1000.0,158.9,142.9,135.3,,183.5,185.8,0.0,955.0
1,0.00429,38,45,0.0,0.0,95.2,100.0,59.4,,118.7,,5.0,694.0
2,0.00461,38,45,0.0,0.0,95.2,102.3,57.5,,120.9,,2.0,490.0
3,0.005030000000000001,38,45,0.0,0.0,94.6,100.4,55.1,,130.7,,59.0,206.0
4,0.00537,38,45,0.0,0.0,92.4,99.2,58.5,,130.0,,40.0,102.0
5,0.00536,38,45,0.0,0.0,93.2,99.9,58.2,,127.4,,174.0,22.0
6,0.005059999999999999,38,45,0.0,0.0,102.7,107.2,64.9,,128.8,,440.0,0.0
7,0.00475,38,45,0.0,0.0,104.5,105.9,67.5,,127.8,,578.0,0.0
8,0.0044800000000000005,38,45,0.0,0.0,103.4,104.9,64.4,,129.8,,522.0,0.0
9,0.00425,38,45,0.0,0.0,102.4,104.7,65.6,,129.8,,363.0,0.0
10,0.00434,38,45,0.0,0.0,94.1,99.4,60.7,,126.4,,109.0,69.0
11,0.00429,38,45,0.0,0.0,93.2,102.4,56.3,,127.5,,11.0,297.0
12,0.0039900000000000005,38,45,1000.0,1000.0,97.3,104.0,61.8,,122.1,,6.0,513.0
1,0.003,39,46,0.0,0.0,93.0,90.9,73.5,,103.1,,0.0,1398.0
2,0.00366,39,46,0.0,0.0,93.3,92.0,72.5,,104.7,,1.0,975.0
3,0.00442,39,46,0.0,0.0,96.1,93.6,76.2,,110.1,,1.0,781.0
4,0.00545,39,46,0.0,0.0,96.9,94.4,74.2,,114.5,,0.0,557.0
5,0.00575,39,46,0.0,0.0,99.9,97.1,75.4,,121.6,,30.0,84.0
6,0.00619,39,46,0.0,0.0,101.1,97.2,77.8,,120.1,,213.0,6.0
7,0.00714,39,46,0.0,0.0,103.1,99.3,79.2,,122.3,,256.0,1.0
8,0.00638,39,46,0.0,0.0,100.3,97.1,75.8,,119.8,,202.0,8.0
9,0.0056500000000000005,39,46,0.0,0.0,102.9,100.2,77.6,,125.4,,70.0,44.0
10,0.00422,39,46,0.0,0.0,100.2,97.7,76.6,,121.7,,3.0,423.0
11,0.0034100000000000003,39,46,0.0,0.0,98.5,96.4,74.5,,117.4,,0.0,687.0
12,0.0029,39,46,0.0,0.0,95.9,94.0,74.2,,107.4,,0.0,486.0
1,0.00327,40,47,3000.0,3000.0,89.9,98.6,55.6,,99.8,,0.0,933.0
2,0.00366,40,47,6000.0,6000.0,88.3,98.3,53.5,,96.9,,0.0,631.0
3,0.00412,40,47,5000.0,5000.0,88.5,98.6,53.3,,101.0,,24.0,368.0
4,0.0046,40,47,6000.0,6000.0,87.4,97.6,52.7,,103.0,,23.0,185.0
5,0.00457,40,47,8000.0,7000.0,86.4,96.6,51.3,,103.3,,96.0,86.0
6,0.00497,40,47,7000.0,7000.0,92.6,102.7,56.9,,104.5,,346.0,0.0
7,0.00451,40,47,9000.0,8000.0,95.5,104.5,60.3,,105.2,,461.0,0.0
8,0.004860000000000001,40,47,8000.0,8000.0,96.1,104.7,60.8,,106.1,,436.0,0.0
9,0.00442,40,47,8000.0,8000.0,96.3,105.6,60.0,,106.4,,283.0,5.0
10,0.004070000000000001,40,47,7000.0,7000.0,93.2,103.0,58.4,,107.1,,92.0,107.0
11,0.00361,40,47,6000.0,6000.0,93.9,104.1,57.8,,110.5,,5.0,375.0
12,0.00302,40,47,5000.0,5000.0,95.9,106.3,59.9,,107.4,,0.0,747.0
1,0.00475,41,48,44000.0,44000.0,83.8,83.2,52.5,,108.8,79.9,10.0,513.0
2,0.00501,41,48,54000.0,54000.0,83.6,84.0,52.1,,109.9,80.39999999999999,31.0,265.0
3,0.00517,41,48,51000.0,51000.0,82.3,83.8,52.3,,111.9,81.1,98.0,149.0
4,0.00579,41,48,53000.0,52000.0,81.30000000000001,82.2,51.2,,112.6,80.60000000000001,139.0,47.0
5,0.00577,41,48,49000.0,49000.0,82.6,82.6,52.1,,111.0,80.0,265.0,9.0
6,0.00637,41,48,65000.0,65000.0,85.4,83.0,54.0,,109.5,77.9,486.0,0.0
7,0.00653,41,48,71000.0,71000.0,86.5,81.30000000000001,54.7,,108.3,77.4,645.0,0.0
8,0.00613,41,48,58000.0,58000.0,86.5,81.19999999999999,54.5,,109.1,76.4,563.0,0.0
9,0.005690000000000001,41,48,78000.0,78000.0,87.0,82.3,55.2,,111.1,76.5,449.0,0.0
10,0.00522,41,48,78000.0,78000.0,84.2,83.5,53.4,,110.2,78.5,258.0,13.0
11,0.00498,41,48,65000.0,65000.0,82.5,82.3,53.8,,111.0,80.50000000000001,97.0,123.0
12,0.00464,41,48,66000.0,66000.0,82.3,82.1,53.1,,108.5,82.4,19.0,387.0
1,0.00451,42,49,15000.0,15000.0,81.7,81.19999999999999,57.6,,105.1,99.6,0.0,1219.0
2,0.004860000000000001,42,49,23000.0,23000.0,82.2,82.2,60.4,,105.6,100.5,0.0,918.0
3,0.00637,42,49,27000.0,27000.0,82.0,81.8,60.6,,106.1,101.4,0.0,775.0
4,0.00688,42,49,27000.0,27000.0,82.4,84.1,60.0,,106.4,99.6,1.0,555.0
5,0.00787,42,49,51000.0,51000.0,86.5,92.3,61.9,,109.1,99.5,9.0,5.0
6,0.00893,42,49,90000.0,90000.0,96.5,96.9,74.6,,114.3,99.0,154.0,7.0
7,0.008369999999999999,42,49,149000.0,149000.0,94.6,90.4,70.7,,116.4,98.9,224.0,1.0
8,0.0076100000000000004,42,49,160000.0,160000.0,94.6,90.9,68.9,,118.1,98.3,156.0,0.0
9,0.0076500000000000005,42,49,158000.0,158000.0,92.3,94.5,69.0,,112.0,98.0,32.0,4.0
10,0.0066500000000000005,42,49,127000.0,127000.0,84.8,88.5,62.2,,106.3,99.0,4.0,440.0
11,0.00539,42,49,115000.0,115000.0,81.5,84.5,56.0,,106.7,99.4,0.0,726.0
12,0.00435,42,49,110000.0,110000.0,81.4,80.39999999999999,56.4,,106.5,79.7,0.0,224.0
1,0.0029500000000000004,43,50,2000.0,2000.0,143.4,142.9,104.8,,166.5,,0.0,1340.0
2,0.00322,43,50,4000.0,4000.0,142.0,143.8,100.7,,169.3,,0.0,132.0
3,0.0037,43,50,4000.0,4000.0,144.7,144.3,104.2,,171.4,,0.0,942.0
4,0.00477,43,50,4000.0,4000.0,143.7,145.3,98.0,,175.4,,0.0,778.0
5,0.00449,43,50,6000.0,6000.0,144.0,148.6,99.1,,178.2,,5.0,33.0
6,0.00441,43,50,6000.0,6000.0,145.8,146.3,104.2,,176.0,,27.0,4.0
7,0.00458,43,50,6000.0,6000.0,146.0,146.6,104.7,,173.3,,118.0,2.0
8,0.00451,43,50,6000.0,6000.0,142.8,140.3,101.6,,173.1,,125.0,8.0
9,0.00421,43,50,6000.0,6000.0,146.9,147.3,105.7,,175.8,,19.0,54.0
10,0.0028399999999999996,43,50,5000.0,5000.0,145.8,148.6,101.6,,178.2,,0.0,520.0
11,0.00225,43,50,5000.0,5000.0,146.8,148.2,100.8,,178.8,,0.0,832.0
12,0.00246,43,50,4000.0,4000.0,144.1,143.7,101.8,,172.6,,0.0,246.0
1,0.00383,44,51,0.0,0.0,90.3,81.6,68.5,,105.9,81.1,0.0,976.0
2,0.00431,44,51,0.0,0.0,92.1,81.1,66.1,,108.4,76.0,0.0,738.0
3,0.00467,44,51,0.0,0.0,90.1,80.60000000000001,65.4,,111.2,79.3,11.0,421.0
4,0.00456,44,51,0.0,0.0,91.1,81.30000000000001,66.3,,119.3,78.3,2.0,301.0
5,0.00463,44,51,0.0,0.0,91.4,81.6,65.4,,119.6,80.1,42.0,35.0
6,0.0047,44,51,0.0,0.0,95.2,82.4,65.8,,121.6,78.7,224.0,2.0
7,0.0044599999999999996,44,51,0.0,0.0,92.9,78.2,66.1,,116.3,78.8,403.0,0.0
8,0.0044599999999999996,44,51,0.0,0.0,92.7,78.0,65.0,,116.6,72.8,394.0,0.0
9,0.00417,44,51,0.0,0.0,90.8,77.7,63.8,,116.4,73.1,227.0,7.0
10,0.00408,44,51,1000.0,1000.0,86.1,76.0,64.4,,111.7,77.1,32.0,187.0
11,0.0037,44,51,9000.0,9000.0,88.9,77.7,65.1,,114.5,78.2,0.0,498.0
12,0.0035299999999999997,44,51,9000.0,9000.0,88.3,76.6,64.5,,106.7,78.3,0.0,796.0
1,0.00196,45,53,0.0,0.0,77.7,84.3,43.1,,92.4,93.2,0.0,825.0
2,0.00311,45,53,0.0,0.0,77.7,85.8,44.6,,92.4,103.1,0.0,598.0
3,0.00346,45,53,0.0,0.0,77.1,85.7,43.2,,93.0,97.6,0.0,604.0
4,0.00466,45,53,0.0,0.0,75.1,82.1,43.2,,95.3,89.7,1.0,346.0
5,0.0049900000000000005,45,53,0.0,0.0,74.6,83.3,42.0,,96.5,85.4,4.0,58.0
6,0.00567,45,53,0.0,0.0,75.2,83.6,43.9,,96.7,82.1,22.0,9.0
7,0.00723,45,53,0.0,0.0,76.4,83.2,46.4,,97.5,75.3,57.0,5.0
8,0.0064800000000000005,45,53,0.0,0.0,76.4,83.2,45.8,,97.3,89.2,86.0,2.0
9,0.00558,45,53,0.0,0.0,76.4,84.4,45.7,,98.0,84.6,6.0,20.0
10,0.00352,45,53,0.0,0.0,76.9,86.1,45.0,,95.2,88.8,0.0,438.0
11,0.00195,45,53,0.0,0.0,78.1,85.4,45.3,,96.0,91.6,0.0,544.0
12,0.0017900000000000001,45,53,0.0,0.0,78.8,84.4,43.6,,92.7,87.3,0.0,15.0
1,0.0031,46,54,0.0,0.0,88.8,90.7,64.3,,106.9,,0.0,1142.0
2,0.00349,46,54,0.0,0.0,89.8,94.8,65.5,,106.9,,0.0,823.0
3,0.00398,46,54,0.0,0.0,87.6,95.5,64.7,,110.1,,10.0,504.0
4,0.00413,46,54,0.0,0.0,86.9,95.0,65.3,,113.0,,3.0,345.0
5,0.0041600000000000005,46,54,0.0,0.0,86.8,93.6,65.5,,114.2,,36.0,87.0
6,0.00436,46,54,0.0,0.0,97.4,92.0,65.6,,142.1,,174.0,6.0
7,0.004070000000000001,46,54,0.0,0.0,89.4,90.7,66.9,,112.0,,292.0,1.0
8,0.00419,46,54,0.0,0.0,90.4,92.1,65.4,,115.8,,338.0,0.0
9,0.00408,46,54,0.0,0.0,88.8,93.1,65.2,,116.0,,172.0,20.0
10,0.0035600000000000002,46,54,0.0,0.0,88.3,96.1,65.2,,119.0,,23.0,241.0
11,0.00296,46,54,0.0,0.0,90.9,97.7,67.9,,117.3,,0.0,566.0
12,0.00282,46,54,0.0,0.0,91.6,92.7,66.6,,112.2,,0.0,898.0
1,0.0025499999999999997,47,55,0.0,0.0,105.5,105.3,72.7,,134.5,127.3,0.0,1433.0
2,0.00299,47,55,0.0,0.0,105.2,106.2,73.9,,137.1,145.5,0.0,112.0
3,0.00398,47,55,0.0,0.0,104.4,106.4,73.2,,138.9,150.0,0.0,833.0
4,0.00487,47,55,0.0,0.0,104.1,106.6,71.4,,141.5,152.9,0.0,636.0
5,0.00463,47,55,0.0,0.0,107.0,109.0,74.8,,146.8,150.0,25.0,79.0
6,0.00497,47,55,0.0,0.0,111.3,113.0,79.1,,146.6,143.8,121.0,7.0
7,0.00553,47,55,0.0,0.0,111.9,111.6,79.0,,142.8,136.8,210.0,3.0
8,0.00483,47,55,0.0,0.0,109.3,109.1,78.3,,140.7,150.0,208.0,8.0
9,0.00443,47,55,0.0,0.0,106.9,107.2,76.9,,144.7,141.2,72.0,81.0
10,0.0030600000000000002,47,55,0.0,0.0,104.1,106.3,73.1,,144.0,153.3,6.0,397.0
11,0.0025,47,55,0.0,0.0,104.7,105.9,73.3,,140.7,150.0,0.0,653.0
12,0.0024700000000000004,47,55,0.0,0.0,104.8,104.6,72.2,,134.1,155.0,0.0,339.0
1,0.0032400000000000003,48,56,0.0,0.0,79.3,89.0,65.8,,104.2,,0.0,1282.0
2,0.00387,48,56,0.0,0.0,82.4,91.8,70.8,,105.7,,0.0,956.0
3,0.004849999999999999,48,56,0.0,0.0,81.8,93.5,69.9,,108.0,,0.0,922.0
4,0.00579,48,56,0.0,0.0,81.5,93.6,69.7,,109.6,,0.0,685.0
5,0.0066500000000000005,48,56,0.0,0.0,82.9,97.0,70.4,,114.5,,1.0,17.0
6,0.0075899999999999995,48,56,0.0,0.0,82.8,97.2,69.7,,117.6,,95.0,6.0
7,0.00818,48,56,0.0,0.0,81.8,94.4,67.9,,118.4,,134.0,8.0
8,0.0072699999999999996,48,56,0.0,0.0,83.4,94.1,70.9,,117.1,,62.0,8.0
9,0.0067,48,56,0.0,0.0,81.5,96.8,68.7,,117.5,,16.0,77.0
10,0.00537,48,56,0.0,0.0,81.6,93.7,70.0,,115.0,,0.0,539.0
11,0.00394,48,56,0.0,0.0,81.89999999999999,97.4,68.5,,112.6,,0.0,809.0
12,0.00312,48,56,0.0,0.0,81.7,91.1,68.8,,106.8,,0.0,460.0
